data__alt,data__angle,data__fuel_lt,data__ext_volt,data__odom,data__lat,data__lon,data__rpm,data__speed,data__time,data__engine,,accelerometer_x,accelerometer_y,accelerometer_z,accelerometer_total,angle,latitude,longitude,speed,
54,341,15.64000034,12178,222199,37.9976183,23.6740766,828,0,8:47:13 PM,1,,,,,,,,,,
54,341,15.64000034,12156,222199,37.9976183,23.6740766,832,0,8:47:28 PM,1,,9.75612,-0.430956,-0.47884,9.73482,39,37.9975932,23.6741446,0,
54,195,15.64000034,12818,222199,37.9975183,23.6739816,1220,7,8:47:41 PM,1,,9.92052,-1.03669,-1.57538,9.73961,253,37.997489,23.6740208,14.1218,
54,117,15.64000034,12886,222199,37.9973849,23.674015,1679,10,8:47:48 PM,1,,9.88444,-0.557849,-0.893037,9.8282,175,37.9973566,23.6741353,15.3704,
54,50,15.64000034,12905,222199,37.9972983,23.6743499,1657,7,8:48:01 PM,1,,9.77828,-2.16915,1.0319,9.47864,108,37.9972848,23.6743353,7.6969,
54,19,15.64000034,12894,222199,37.9975249,23.6744816,1052,17,8:48:07 PM,1,,11.9065,-1.19231,0.0670376,11.8465,77,37.9975755,23.6745415,17.3953,
55,22,15.64000034,12908,222199,37.9982349,23.6749366,1314,22,8:48:22 PM,1,,10.5665,-1.06781,0.490811,10.501,80,37.9982093,23.6748884,22.2926,
58,23,15.64000034,12538,222199,37.9990233,23.6753516,1283,21,8:48:37 PM,1,,9.9469,-0.893037,-0.943315,9.86172,81,37.9991272,23.6753737,21.7147,
60,38,15.64000034,12302,222199,37.9992516,23.6755283,832,3,8:48:52 PM,1,,9.56943,-0.517148,0.059855,9.55526,96,37.9993022,23.67548,3.50874,
60,346,15.64000034,12865,222199,37.9993183,23.6755433,827,6,8:49:03 PM,1,,9.92146,-0.737414,-0.509965,9.88087,44,37.9993494,23.6754738,6.90139,
61,313,15.64000034,12848,222199,37.9993683,23.6754899,1872,7,8:49:16 PM,1,,10.1972,-0.914585,2.61447,9.81383,11,37.9994161,23.6754542,9.77154,
62,309,15.64000034,12184,222199,37.9999,23.6748283,1311,21,8:49:31 PM,1,,9.99939,-1.12767,0.648829,9.91439,7,38.0000732,23.6747745,22.4274,
60,338,15.64000034,12166,222199,38.0007666,23.6739316,1248,32,8:49:46 PM,1,,9.60587,-0.323217,-0.70629,9.57441,36,38.0009889,23.6740412,32.2579,
63,13,15.64000034,12580,222199,38.0016566,23.6737233,1356,20,8:50:01 PM,1,,9.69561,0.272939,1.56341,9.56484,71,38.0016982,23.6737661,21.2264,
60,30,15.64000034,12623,222199,38.002805,23.6746133,1568,41,8:50:16 PM,1,,9.80185,-1.05105,0.452504,9.73482,88,38.0029366,23.6747555,41.0379,
58,29,15.64000034,12188,222200,38.0041199,23.67562,1321,36,8:50:31 PM,1,,10.0046,-0.337582,-0.452504,9.98861,87,38.0040798,23.6756687,35.5367,
59,20,15.64000034,12186,222200,38.0045766,23.6759833,800,0,8:50:46 PM,1,,9.3797,-0.500388,0.0646434,9.36612,78,38.0045329,23.6760298,0,
58,6,15.64000034,12611,222200,38.0046866,23.6760366,1214,0,8:51:01 PM,1,,9.71054,-1.3623,1.9417,9.4164,64,38.0046356,23.6761132,0,
58,316,15.64000034,12731,222200,38.0047216,23.6760149,1968,9,8:51:03 PM,1,,9.55944,-0.916979,-0.246603,9.51216,14,38.0046602,23.6760934,10.6228,
59,304,15.64000034,12212,222200,38.0051766,23.6752649,1121,19,8:51:18 PM,1,,10.3303,-0.873884,0.744597,10.2663,2,38.0051036,23.6752762,18.9366,
61,350,15.64000034,12669,222200,38.0053983,23.67496,1130,13,8:51:26 PM,1,,9.64587,-0.430956,0.672771,9.61272,48,38.0053315,23.6750871,13.9996,
62,21,15.64000034,12730,222200,38.0054383,23.6750166,1246,17,8:51:27 PM,1,,9.70135,-0.787692,0.349553,9.663,79,38.0053639,23.6751195,18.4437,
66,61,15.64000034,12532,222200,38.00576,23.6754283,801,7,8:51:39 PM,1,,10.3399,-0.189142,-0.993594,10.2903,119,38.0057044,23.6754778,7.40769,
66,91,15.64000034,12672,222200,38.0057649,23.67547,1299,7,8:51:41 PM,1,,9.77695,0.847547,0.94571,9.69412,149,38.0057199,23.6755132,7.09147,
67,128,15.64000034,12808,222200,38.0056783,23.675615,1667,17,8:51:45 PM,1,,9.55271,-0.339977,0.253785,9.54329,186,38.0057004,23.6755625,19.638,
69,129,15.64000034,12392,222200,38.0046283,23.6772366,1312,47,8:52:00 PM,1,,8.90789,-0.342371,0.191536,8.89925,195,38.004619,23.6772555,47.9168,
69,123,15.64000034,12143,222200,38.0035316,23.679045,864,28,8:52:15 PM,1,,10.2198,-0.509965,-1.63763,10.0748,189,38.0035019,23.679152,25.5544,
66,123,15.64000034,12135,222200,38.003405,23.6793366,800,0,8:52:30 PM,1,,9.41516,-0.129287,-0.071826,9.414,189,38.0034009,23.6793572,0,
66,123,15.64000034,12140,222200,38.003405,23.6793366,800,0,8:52:45 PM,1,,9.02396,0.023942,0.0574608,9.02375,189,38.003401,23.6793569,0,
66,123,15.64000034,12138,222200,38.003405,23.6793366,800,0,8:53:00 PM,1,,9.91021,-0.433351,1.77889,9.73961,189,38.003401,23.6793569,0,
63,110,15.64000034,12653,222200,38.0030833,23.6802499,1758,42,8:53:15 PM,1,,9.18914,-0.452504,0.608127,9.15782,176,38.0030987,23.6802918,43.298,
56,113,15.64000034,12170,222201,38.0021966,23.6831416,1629,78,8:53:30 PM,1,,8.69133,-0.837971,-0.584185,8.6311,179,38.0022007,23.6831229,76.9264,
46,120,15.64000034,12138,222201,38.0005816,23.68704,1696,85,8:53:45 PM,1,,9.83282,-0.519542,0.237026,9.81623,186,38.0009932,23.6863864,84.5562,
36,127,15.64000034,12144,222201,37.9991349,23.6900049,1664,82,8:54:00 PM,1,,9.29183,-0.497994,0.248997,9.27514,193,37.9988903,23.6903667,81.9731,
21,130,15.64000034,12147,222202,37.9972366,23.6928733,1536,74,8:54:15 PM,1,,8.90036,-0.227449,0.555455,8.88009,196,37.9970173,23.6931864,74.664,
33,130,15.64000034,12143,222202,37.9955966,23.695295,1248,61,8:54:30 PM,1,,12.2231,-0.380678,1.27372,12.1506,196,37.9955174,23.6954217,62.5678,
36,129,15.64000034,12098,222202,37.9941116,23.6975283,1305,48,8:54:45 PM,1,,9.26674,-0.696713,-0.773327,9.2081,195,37.9941041,23.6974694,47.716,
36,126,15.64000034,12122,222202,37.9936533,23.698195,775,0,8:55:00 PM,1,,9.96568,-0.857124,0.217872,9.92636,192,37.9936691,23.6981516,0,
36,126,15.64000034,12125,222202,37.9936533,23.698195,800,0,8:55:15 PM,1,,10.0498,-0.950498,0.189142,10.003,192,37.9936692,23.6981515,0,
38,131,15.64000034,12147,222202,37.9932899,23.6987083,1563,38,8:55:30 PM,1,,9.81903,-1.00317,0.416591,9.75877,197,37.9932565,23.6988151,38.7972,
44,131,15.64000034,12154,222202,37.9921016,23.7004766,1408,51,8:55:45 PM,1,,9.37506,-1.03908,-0.1652,9.31584,197,37.9919504,23.7007359,50.6198,
45,130,15.64000034,12145,222203,37.9908266,23.7023866,1631,57,8:56:00 PM,1,,10.2658,-1.01035,1.22823,10.1418,196,37.9908071,23.7023855,56.1056,
44,129,15.64000034,12115,222203,37.9890933,23.704935,1449,54,8:56:15 PM,1,,10.2276,-0.984017,0.383072,10.173,195,37.9886873,23.7055863,53.0487,
43,132,15.64000034,12142,222203,37.987685,23.7070333,2174,73,8:56:30 PM,1,,9.46934,-0.368707,0.071826,9.46189,198,37.9874122,23.7074277,79.8873,
40,126,15.64000034,12121,222204,37.9859883,23.7095033,1062,40,8:56:45 PM,1,,10.2183,-0.665588,-0.488417,10.1849,192,37.9859815,23.7095413,40.8147,
34,125,15.64000034,12134,222204,37.9853716,23.71034,921,13,8:57:00 PM,1,,9.90918,-0.78051,1.28329,9.79468,191,37.9854535,23.7103447,12.8541,
34,107,15.64000034,12162,222204,37.9847266,23.711595,2015,50,8:57:15 PM,1,,9.72257,-2.10211,1.52989,9.36851,173,37.9848805,23.7113904,49.0814,
40,104,15.64000034,12159,222204,37.9843433,23.714025,1696,44,8:57:30 PM,1,,9.99468,-0.890643,1.41018,9.85453,170,37.9843498,23.7141991,43.6017,
39,77,15.64000034,12147,222204,37.98415,23.7159833,1589,42,8:57:45 PM,1,,9.80998,-0.632069,-0.861913,9.75158,143,37.9841506,23.7158954,41.9043,
41,73,15.64000034,12154,222204,37.98444,23.7175716,1280,33,8:58:00 PM,1,,9.64731,-0.304064,0.921768,9.59835,139,37.984558,23.7178794,32.7592,
44,74,15.64000034,12130,222204,37.9847566,23.7189966,803,19,8:58:15 PM,1,,9.16794,-0.603339,-1.30245,9.05487,140,37.9847772,23.718935,18.4998,
44,86,15.64000034,12122,222204,37.9847933,23.7191133,800,0,8:58:30 PM,1,,10.2081,-0.878672,0.299275,10.1658,152,37.9848049,23.7190866,0,
44,86,15.64000034,12121,222204,37.9847933,23.7191133,800,0,8:58:45 PM,1,,9.47412,-0.411803,0.493206,9.45231,152,37.9848049,23.7190866,0,
44,99,15.64000034,12131,222204,37.9848483,23.7190783,899,4,8:59:00 PM,1,,9.33984,-0.294487,0.220267,9.3326,165,37.9848138,23.7191139,4.02278,
43,75,15.64000034,12153,222204,37.9848666,23.7193583,1629,23,8:59:15 PM,1,,9.67834,-0.799663,1.41497,9.54089,141,37.9848682,23.7193658,21.3739,
43,71,15.64000034,12158,222205,37.9852216,23.7209599,1230,32,8:59:30 PM,1,,10.0496,0.512359,0.222661,10.0341,138,37.9852968,23.7210117,33.1269,
45,40,15.64000034,12792,222205,37.9853516,23.72188,1023,22,8:59:41 PM,1,,9.62753,-2.2697,0.287304,9.35175,107,37.9853687,23.7218326,24.3789,
54,72,15.64000034,12905,222205,37.9859166,23.72239,928,17,8:59:53 PM,1,,9.41912,-0.670376,-0.641646,9.3733,139,37.985829,23.7228984,18.9984,
55,95,15.64000034,12928,222205,37.9858483,23.7228383,1757,0,9:00:08 PM,1,,9.84717,-0.502782,2.28646,9.56484,162,37.9858156,23.7230168,0,
53,103,15.64000034,12415,222205,37.9857066,23.7238616,976,23,9:00:23 PM,1,,9.94441,-2.57856,0.148441,9.60314,170,37.9856899,23.7238436,22.1664,
51,69,15.64000034,12783,222205,37.985765,23.7246483,1408,39,9:00:29 PM,1,,9.35884,-0.502782,1.04148,9.28711,136,37.9861775,23.7249452,39.3279,
46,47,15.64000034,12362,222205,37.9868499,23.7261816,996,33,9:00:44 PM,1,,9.4054,-1.05584,-0.806846,9.31105,114,37.9868987,23.7262188,32.9918,
47,43,15.64000034,12139,222205,37.9870533,23.7264599,795,0,9:00:59 PM,1,,9.82955,-0.837971,0.411803,9.7851,110,37.9870032,23.7265041,0,
57,52,15.64000034,12275,222205,37.9873283,23.7270149,1353,24,9:01:14 PM,1,,9.73432,-0.656011,0.268151,9.70849,119,37.9873194,23.7270574,23.8653,
68,57,15.64000034,12455,222205,37.98791,23.7280349,1377,37,9:01:29 PM,1,,9.74895,-0.390255,0.411803,9.73243,124,37.9879508,23.728116,31.398,
74,44,15.64000034,12249,222205,37.9885766,23.72913,1343,32,9:01:44 PM,1,,9.71848,-0.502782,0.881066,9.66539,111,37.9886384,23.7291725,32.5429,
76,52,15.64000034,12169,222206,37.9893499,23.730395,1043,28,9:01:59 PM,1,,9.24457,-0.181959,-0.25618,9.23922,119,37.9892121,23.7302735,26.7182,
82,16,15.64000034,12512,222206,37.9897066,23.7308183,1828,22,9:02:09 PM,1,,9.53708,-0.339977,1.3623,9.43316,83,37.9896761,23.7308543,24.4249,
96,3,15.64000034,12904,222206,37.99067,23.7310816,801,16,9:02:24 PM,1,,9.34331,-0.318429,-0.232238,9.33499,70,37.9907119,23.7311742,14.5729,
99,44,15.64000034,12920,222206,37.9913583,23.7313416,1568,26,9:02:39 PM,1,,10.6327,0.464475,0.739808,10.5967,110,37.9913749,23.7314351,26.196,
88,84,15.64000034,12659,222206,37.9915866,23.7319333,864,13,9:02:49 PM,1,,9.71815,0.102951,0.675165,9.69412,151,37.9915747,23.7318503,13.6248,
85,94,15.64000034,12911,222206,37.9915866,23.7320516,800,0,9:03:04 PM,1,,10.0133,-0.806846,0.42138,9.97185,161,37.9915992,23.7320428,0,
86,98,15.64000034,12949,222206,37.99152,23.7325933,1504,24,9:03:19 PM,1,,9.50048,-0.572214,0.363919,9.47625,165,37.9915067,23.7326196,24.7206,
84,102,15.64000034,12946,222206,37.9913,23.7337083,1245,19,9:03:34 PM,1,,9.38188,-0.344765,0.557849,9.35893,169,37.9913231,23.7336941,19.5191,
83,101,15.64000034,12955,222206,37.9910666,23.7351766,1599,40,9:03:49 PM,1,,9.6161,-0.493206,0.572214,9.58638,168,37.9910925,23.7352501,40.17,
78,99,15.64000034,12238,222206,37.9907116,23.7374083,1792,47,9:04:04 PM,1,,10.078,-1.24498,0.0646434,10.0006,166,37.9907322,23.737318,47.2318,
86,101,15.64000034,12176,222207,37.9903199,23.7398599,2120,57,9:04:19 PM,1,,9.48003,-0.746991,0.110133,9.44991,168,37.9903472,23.7399737,56.9993,
94,101,15.64000034,12168,222207,37.9899683,23.7422516,1956,52,9:04:34 PM,1,,8.23644,0.124498,0.787692,8.19775,168,37.9899772,23.7423591,51.5991,
106,101,15.64000034,12162,222207,37.9896216,23.7442333,1189,32,9:04:49 PM,1,,9.75943,-0.390255,0.217872,9.74919,168,37.9896716,23.7443081,32.9577,
115,99,15.64000034,12164,222207,37.9894233,23.7455566,1183,30,9:05:04 PM,1,,9.62441,-0.280122,0.488417,9.60793,166,37.9894558,23.7455607,29.9843,
127,104,15.64000034,12168,222207,37.98912,23.7472433,1408,35,9:05:19 PM,1,,9.84484,-1.00796,0.586579,9.77553,171,37.9890927,23.7475862,35.5328,
131,104,15.64000034,12166,222207,37.9887383,23.7490433,1760,44,9:05:34 PM,1,,9.10234,-0.129287,-0.138864,9.10036,171,37.9887373,23.7494394,43.6744,
136,103,15.64000034,12155,222208,37.9883433,23.7509616,1354,36,9:05:49 PM,1,,8.20952,0.0335188,0.186748,8.20732,170,37.9884229,23.7510823,36.3609,
130,104,15.64000034,12161,222208,37.9879899,23.7528916,1248,46,9:06:04 PM,1,,10.529,-1.33118,-0.143652,10.4435,171,37.9879711,23.753266,45.9711,
129,102,15.64000034,12152,222208,37.9875933,23.7550466,1278,45,9:06:19 PM,1,,9.21972,-0.354342,1.04866,9.15303,169,37.9876616,23.7550837,44.4535,
120,104,15.64000034,12134,222208,37.9871833,23.7571066,801,28,9:06:34 PM,1,,9.82894,-0.818817,-1.22344,9.71806,171,37.9873038,23.7571576,29.5604,
124,112,15.64000034,12137,222208,37.9871516,23.7574333,800,0,9:06:49 PM,1,,9.14493,-0.397437,-0.0167594,9.13627,179,37.9872592,23.7574446,0,
124,112,15.64000034,12144,222208,37.9871516,23.7574333,800,0,9:07:04 PM,1,,9.94973,-0.550666,0.136469,9.93354,179,37.9872592,23.7574446,0,
124,112,15.64000034,12141,222208,37.9871516,23.7574333,800,0,9:07:19 PM,1,,9.14774,-0.407014,0.0143652,9.13867,179,37.9872533,23.7574425,0,
125,106,15.64000034,12334,222208,37.9871683,23.7577133,1775,26,9:07:34 PM,1,,8.87647,1.3216,2.60489,8.3821,173,37.9871973,23.7577329,28.0687,
129,103,15.64000034,12186,222208,37.9867749,23.759275,1314,34,9:07:49 PM,1,,10.2892,-0.639252,0.246603,10.2663,170,37.9868505,23.7593302,34.0247,
131,137,15.64000034,12848,222209,37.9865133,23.76034,896,22,9:08:01 PM,1,,9.58292,0.818817,-1.67594,9.39964,203,37.9864878,23.7604017,23.754,
130,169,15.64000034,12861,222209,37.986405,23.7603933,830,24,9:08:03 PM,1,,9.12297,-0.663194,-1.8148,8.91601,234,37.9863041,23.7603972,23.4428,
133,202,15.64000034,12932,222209,37.98608,23.7603316,1350,8,9:08:16 PM,1,,10.2774,-1.18513,-0.00957681,10.2089,267,37.9860947,23.7603377,7.40599,
130,179,15.64000034,12936,222209,37.9853366,23.7602333,800,7,9:08:31 PM,1,,10.0217,-0.392649,-0.603339,9.99579,244,37.9854311,23.7602073,8.57792,
130,179,15.64000034,12926,222209,37.9853166,23.7602433,800,0,9:08:46 PM,1,,10.171,-0.756568,-0.141258,10.1418,244,37.9853724,23.7602,0,
130,179,15.64000034,12929,222209,37.9853166,23.7602433,800,0,9:09:01 PM,1,,9.28089,-0.287304,-0.155623,9.27514,244,37.9853724,23.7602,0,
130,179,15.64000034,12931,222209,37.9853166,23.7602433,800,0,9:09:16 PM,1,,9.46692,-0.694318,-0.25618,9.43794,244,37.9853724,23.7602,0,
129,147,15.64000034,12945,222209,37.9851866,23.7602699,771,16,9:09:31 PM,1,,9.85151,-1.63763,-0.150835,9.71328,212,37.9852788,23.7602481,16.3053,
128,117,15.64000034,12932,222209,37.9850633,23.7604633,1651,12,9:09:37 PM,1,,9.78524,-1.05824,0.225055,9.72525,182,37.9850898,23.7605072,11.8432,
130,86,15.64000034,12926,222209,37.9850233,23.7606683,1115,15,9:09:41 PM,1,,8.80947,-0.972046,1.1564,8.67898,151,37.9850635,23.7605981,15.6576,
132,61,15.64000034,12934,222209,37.9851283,23.7612066,840,11,9:09:56 PM,1,,9.55419,-0.483629,0.141258,9.54089,126,37.9851746,23.7611994,11.9058,
129,57,15.64000034,12940,222209,37.9851933,23.7614183,1742,9,9:10:11 PM,1,,9.68676,-0.97444,-0.136469,9.63666,122,37.9852387,23.7614131,6.2958,
129,61,15.64000034,12950,222209,37.9856366,23.7625683,1376,34,9:10:26 PM,1,,9.48661,-0.237026,-0.430956,9.47386,126,37.9859744,23.7632066,34.1576,
135,91,15.64000034,12416,222209,37.9860083,23.7637466,1286,30,9:10:38 PM,1,,10.0679,0.260968,0.186748,10.0628,156,37.9860302,23.7635083,30.2722,
140,97,15.18000031,12245,222209,37.9857783,23.7650783,1152,17,9:10:53 PM,1,,9.13945,-1.73101,0.474052,8.9615,162,37.9858077,23.7651326,17.3741,
142,55,15.18000031,12675,222209,37.9859299,23.7653916,1823,26,9:10:58 PM,1,,10.1596,-1.04627,0.756568,10.0772,120,37.986006,23.7653057,25.4811,
145,40,15.18000031,12510,222209,37.9869449,23.7664766,1344,34,9:11:13 PM,1,,9.40744,-0.775721,0.665588,9.35175,105,37.9872018,23.7665404,33.6812,
150,39,15.18000031,12165,222209,37.9876916,23.7673,1052,16,9:11:28 PM,1,,10.0806,-1.23301,0.684742,9.98143,104,37.9877367,23.767154,16.2528,
154,54,15.18000031,12314,222210,37.9885716,23.7680683,1495,37,9:11:43 PM,1,,9.88146,-0.390255,0.220267,9.87129,119,37.9886752,23.7681261,37.6191,
152,49,15.18000031,12137,222210,37.989465,23.7696399,833,22,9:11:58 PM,1,,9.15977,-0.605733,-0.967257,9.08839,114,37.989491,23.7695797,23.5882,
149,41,15.18000031,12114,222210,37.9896083,23.7698083,800,0,9:12:13 PM,1,,9.59503,-0.35913,1.73101,9.43076,106,37.9896524,23.7697729,0,
151,43,15.18000031,12136,222210,37.99012,23.770385,1075,27,9:12:28 PM,1,,9.35098,-0.442927,0.438139,9.3302,108,37.9902185,23.7704404,27.4686,
153,51,15.18000031,12791,222210,37.9910299,23.771575,2229,58,9:12:43 PM,1,,9.00781,0.88346,-0.0933739,8.96389,116,37.9911515,23.7716839,58.8102,
157,67,15.18000031,12598,222210,37.9920316,23.7737066,2114,50,9:12:58 PM,1,,9.57651,-0.526724,1.80523,9.39006,132,37.9920036,23.7737307,49.8786,
153,57,15.18000031,12169,222210,37.992955,23.7758316,1700,57,9:13:13 PM,1,,9.50901,-0.866701,1.00078,9.4164,122,37.992607,23.7751695,56.1246,
162,46,15.18000031,12151,222211,37.9944566,23.7778766,1504,39,9:13:28 PM,1,,9.42005,-0.981623,0.222661,9.36612,111,37.994592,23.7779476,39.2375,
165,52,15.18000031,12146,222211,37.9955116,23.7794883,1154,31,9:13:43 PM,1,,9.67664,-1.03669,-0.500388,9.60793,117,37.9955328,23.779474,31.7705,
172,53,15.18000031,12150,222211,37.9961349,23.7805183,1287,34,9:13:58 PM,1,,9.18528,0.25618,-0.512359,9.1674,118,37.9962403,23.7806587,33.9479,
175,54,15.18000031,12116,222211,37.9966616,23.7813016,778,8,9:14:13 PM,1,,9.50738,-0.620098,-0.339977,9.48104,119,37.996669,23.7813188,7.34522,
180,40,15.18000031,12111,222211,37.99676,23.7814699,772,0,9:14:28 PM,1,,10.2962,-0.675165,0.397437,10.2663,105,37.9967611,23.7814311,0,
182,47,15.18000031,12152,222211,37.99718,23.7820649,1408,37,9:14:43 PM,1,,9.70709,-0.6608,0.373495,9.67736,112,37.9971758,23.7820276,37.0795,
183,47,15.18000031,12134,222211,37.9981599,23.7833916,1122,30,9:14:58 PM,1,,9.74607,-0.399832,0.4956,9.72525,112,37.9982278,23.7834296,28.809,
187,43,15.18000031,12126,222211,37.9989483,23.7843416,929,25,9:15:13 PM,1,,9.91149,-1.07978,-0.385466,9.84496,108,37.998979,23.7843144,24.061,
190,48,15.18000031,12150,222212,37.9996583,23.7851966,1595,41,9:15:28 PM,1,,9.23608,-0.287304,1.20189,9.15303,113,37.9996904,23.7851976,41.187,
188,57,15.18000031,12137,222212,38.00065,23.7869733,2188,51,9:15:43 PM,1,,10.2849,-1.06063,2.60489,9.89284,122,38.0006383,23.7869524,52.7595,
189,66,15.18000031,12148,222212,38.0017683,23.7898516,1897,71,9:15:58 PM,1,,9.69902,-0.474052,-0.385466,9.67976,131,38.0017383,23.7898384,71.5048,
189,47,15.18000031,12138,222212,38.0028633,23.7923249,1409,52,9:16:13 PM,1,,9.26013,-0.612916,-0.105345,9.23922,112,38.0028746,23.7922798,51.9863,
190,44,15.18000031,12764,222212,38.0034416,23.7931016,800,0,9:16:28 PM,1,,9.90358,-0.960075,0.0143652,9.85693,109,38.0034295,23.7930557,0,
190,44,15.18000031,12864,222212,38.0034416,23.7931016,768,0,9:16:43 PM,1,,9.26328,-0.627281,0.0861913,9.24162,109,38.0034295,23.7930557,0,
190,44,15.18000031,12887,222212,38.0034416,23.7931016,1044,0,9:16:58 PM,1,,9.7845,-0.787692,1.61848,9.61751,109,38.0034295,23.7930557,0,
190,83,15.18000031,12891,222212,38.0034716,23.7932183,1439,10,9:17:02 PM,1,,9.80278,0.97444,0.0694318,9.75398,148,38.0034881,23.7931293,11.3742,
190,123,15.18000031,12885,222212,38.003455,23.7932883,1568,12,9:17:04 PM,1,,10.0766,2.08774,0.852336,9.82102,188,38.003498,23.7931659,12.3786,
192,141,15.18000031,12282,222212,38.0029416,23.7939033,1600,24,9:17:19 PM,1,,9.42768,-0.916979,0.73502,9.35415,206,38.0030612,23.7937696,24.2597,
200,137,15.18000031,12162,222213,38.0023149,23.7946166,1555,24,9:17:34 PM,1,,9.44634,-0.476446,0.45011,9.42358,202,38.0023809,23.794589,24.1192,
208,135,15.18000031,12145,222213,38.0014616,23.7956783,1728,28,9:17:49 PM,1,,9.16342,-0.665588,0.521936,9.1243,200,38.0013194,23.795904,28.333,
215,136,15.18000031,12141,222213,38.0004983,23.796835,1607,26,9:18:04 PM,1,,10.0986,-1.30963,0.88346,9.97424,201,38.0004159,23.7970187,26.484,
217,144,15.18000031,12136,222213,38.00002,23.7974183,2038,18,9:18:19 PM,1,,11.4606,-2.36547,-1.07978,11.1618,209,38.000004,23.7975136,18.531,
221,137,15.18000031,12150,222213,37.9988433,23.7987533,2148,59,9:18:34 PM,1,,10.5195,-0.6608,-0.0646434,10.4986,202,37.9988246,23.7989082,60.7599,
225,137,15.18000031,12159,222213,37.9979916,23.7998116,2076,29,9:18:49 PM,1,,10.8824,-0.792481,2.09493,10.6494,202,37.9979702,23.7999525,30.3128,
229,94,15.18000031,12727,222213,37.9975733,23.8004683,1092,19,9:18:58 PM,1,,9.93106,-0.76375,0.711078,9.87608,159,37.9975893,23.8005423,19.2588,
223,88,15.18000031,12930,222213,37.9975933,23.8016816,2403,38,9:19:13 PM,1,,9.13715,-0.622492,0.442927,9.10515,153,37.9975739,23.8019822,37.0634,
221,91,15.18000031,12185,222214,37.99754,23.8034083,1409,37,9:19:28 PM,1,,10.3787,-0.612916,-0.136469,10.3597,156,37.9975126,23.8031392,37.0364,
219,91,15.18000031,12149,222214,37.9974366,23.8054033,1856,50,9:19:43 PM,1,,9.84325,0.011971,-0.328006,9.83778,156,37.9974812,23.804399,50.0109,
218,124,15.18000031,12515,222214,37.9973483,23.8062516,880,16,9:19:53 PM,1,,9.48751,-1.23541,-0.208296,9.40442,189,37.9974194,23.8062571,16.1621,
217,57,15.18000031,12660,222214,37.99735,23.80633,857,6,9:19:56 PM,1,,9.07881,-0.500388,1.18034,8.98783,122,37.997428,23.8063846,7.67154,
219,27,15.18000031,12869,222214,37.9977533,23.8066716,2176,35,9:20:05 PM,1,,9.44539,0.998382,-0.0215478,9.39245,92,37.9977804,23.8066159,34.7382,
218,127,15.18000031,12903,222214,37.99812,23.8069816,1513,18,9:20:19 PM,1,,8.80049,-0.0766145,0.952892,8.74841,192,37.9981349,23.8069629,15.3457,
222,157,15.18000031,12561,222214,37.997055,23.8080466,1632,43,9:20:31 PM,1,,9.49516,0.047884,0.196325,9.49301,222,37.9967218,23.8081805,41.1814,
228,187,15.18000031,12173,222214,37.9958716,23.808145,1378,37,9:20:43 PM,1,,10.8279,-0.802058,0.23942,10.7955,252,37.9959559,23.8081414,37.755,
240,208,15.18000031,12141,222214,37.9951516,23.807705,1522,8,9:20:58 PM,1,,9.76181,-0.718261,2.29125,9.46189,273,37.9951729,23.8077691,6.43779,
246,197,15.18000031,12087,222214,37.9948583,23.8075899,1087,0,9:21:13 PM,1,,9.19895,-0.605733,0.806846,9.14346,262,37.9948713,23.8076302,0,
244,197,15.18000031,12270,222214,37.9948949,23.8076399,947,0,9:21:28 PM,1,,9.80262,-1.55144,2.42293,9.37091,262,37.994906,23.8076242,0,
242,196,15.18000031,12627,222214,37.99487,23.80762,3206,11,9:21:32 PM,1,,9.80164,-0.146046,3.00712,9.32781,261,37.9948907,23.8076281,12.3917,
238,156,15.18000031,12863,222214,37.9943816,23.807355,1738,10,9:21:43 PM,1,,9.823,-0.402226,2.42772,9.50977,221,37.9944158,23.8074436,9.9526,
238,120,15.18000031,12886,222214,37.9942766,23.8075299,1509,21,9:21:46 PM,1,,9.38227,0.538695,1.32399,9.27274,185,37.9943524,23.8076494,21.8029,
236,106,15.18000031,12873,222214,37.99417,23.8079716,800,0,9:22:01 PM,1,,9.60572,-0.356736,0.325611,9.59357,171,37.9941634,23.8080657,0,
236,69,15.18000031,12901,222214,37.9941716,23.8080833,1173,9,9:22:12 PM,1,,9.64997,-2.04225,0.610521,9.41161,134,37.99417,23.8081051,8.12558,
237,38,15.18000031,12893,222215,37.9946549,23.80865,1109,23,9:22:21 PM,1,,9.57052,-0.68953,-1.79326,9.37569,103,37.9946809,23.8086987,22.2545,
237,356,15.18000031,12881,222215,37.9947983,23.808715,1245,10,9:22:25 PM,1,,9.96361,-2.44927,1.57299,9.52892,61,37.9947753,23.8087266,11.0839,
237,325,15.18000031,12884,222215,37.9948316,23.80866,1280,14,9:22:26 PM,1,,9.56744,0.225055,1.67834,9.4164,30,37.9947978,23.8086913,16.4634,
236,291,15.18000031,12847,222215,37.9949166,23.808455,802,18,9:22:29 PM,1,,9.6789,-0.586579,-1.32639,9.56962,356,37.9949166,23.8084563,17.2594,
227,323,15.18000031,12907,222215,37.9951983,23.8077916,1441,5,9:22:44 PM,1,,9.61765,-0.730232,-1.67355,9.44273,28,37.9951689,23.8079454,5.17414,
223,307,15.18000031,12872,222215,37.9952816,23.807665,1249,0,9:22:59 PM,1,,9.44781,-0.632069,-0.320823,9.42118,12,37.9952657,23.807693,0,
223,307,15.18000031,12859,222215,37.9952816,23.807665,800,0,9:23:14 PM,1,,10.2373,-0.296881,-0.0526724,10.2328,12,37.9952662,23.807684,0,
223,307,15.18000031,12871,222215,37.9952816,23.807665,907,0,9:23:29 PM,1,,9.69941,0.0957681,-0.023942,9.69891,12,37.9952723,23.8076828,0,
223,307,14.72000027,12850,222215,37.9952816,23.807665,800,0,9:23:44 PM,1,,9.46551,0.201113,-0.167594,9.46189,12,37.9952723,23.8076833,0,
223,307,14.72000027,12867,222215,37.9952816,23.807665,1211,0,9:23:59 PM,1,,10.0163,-1.02711,-0.409408,9.95509,12,37.9952723,23.8076833,0,
224,291,14.72000027,12833,222215,37.9953916,23.8072716,1433,0,9:24:14 PM,1,,9.61563,-0.749385,-0.00957681,9.58638,356,37.9953918,23.8073457,0.11076,
224,291,14.72000027,12797,222215,37.9953916,23.8072716,794,0,9:24:29 PM,1,,9.43294,0.588974,-0.234632,9.41161,356,37.9953941,23.8073521,0,
224,291,14.72000027,12867,222215,37.9953916,23.8072716,853,0,9:24:44 PM,1,,9.55925,0.184354,-0.296881,9.55287,356,37.995408,23.8073553,0,
224,291,14.72000027,12854,222215,37.9953916,23.8072716,1146,0,9:24:59 PM,1,,9.47191,0.143652,-0.280122,9.46667,356,37.99541,23.8073557,0,
224,291,14.72000027,12860,222215,37.9953916,23.8072716,1124,0,9:25:14 PM,1,,9.5805,0.488417,-0.124498,9.56723,356,37.995401,23.8073569,0,
232,298,14.26000023,12106,222227,37.9949316,23.8077233,832,0,1:26:12 PM,1,,,,,,,,,,
232,298,14.26000023,12098,222227,37.9949316,23.8077233,848,0,1:26:27 PM,1,,9.5889,-0.0909797,0.42138,9.5792,191,37.9949527,23.8077507,0,
232,298,14.26000023,12103,222227,37.9949316,23.8077233,832,0,1:26:42 PM,1,,9.8043,-0.316035,0.47884,9.7875,191,37.9949801,23.8077399,0,
232,298,14.26000023,12091,222227,37.9949316,23.8077233,1375,0,1:26:57 PM,1,,9.73441,0.395043,1.57299,9.59835,191,37.9949875,23.807734,0,
229,203,14.26000023,12095,222227,37.9949366,23.8076533,1836,10,1:26:58 PM,1,,9.46417,-0.45011,0.335188,9.44752,96,37.9949621,23.8077184,4.82754,
227,160,14.26000023,12092,222227,37.9944016,23.8073716,959,15,1:27:10 PM,1,,11.0717,-2.96881,-0.59855,10.6494,53,37.9944726,23.8074186,16.1761,
225,129,14.26000023,12097,222227,37.9943033,23.8074849,1301,20,1:27:13 PM,1,,9.78959,-0.399832,1.23062,9.7037,22,37.9943263,23.807547,21.2313,
223,104,14.26000023,12062,222227,37.99416,23.8079499,832,0,1:27:28 PM,1,,9.52373,0.136469,0.138864,9.52174,357,37.9941585,23.8080157,0,
223,54,14.26000023,12047,222227,37.994175,23.80801,1380,9,1:27:34 PM,1,,9.09904,-0.557849,-0.316035,9.07642,307,37.9941592,23.8080404,9.22851,
221,38,14.26000023,12090,222227,37.9952166,23.8091166,1506,39,1:27:49 PM,1,,10.8609,-0.92895,0.543484,10.8074,290,37.995102,23.8091593,38.6354,
220,41,14.26000023,12101,222227,37.9961349,23.8101083,833,23,1:28:04 PM,1,,11.2324,-0.134075,0.0909797,11.2312,293,37.9959954,23.8101167,23.3291,
220,39,14.26000023,12105,222227,37.9964183,23.8104283,2012,10,1:28:19 PM,1,,10.3829,-1.22583,0.641646,10.2903,291,37.9962976,23.8104579,9.24617,
222,76,14.26000023,12100,222227,37.9970166,23.8112183,1172,15,1:28:34 PM,1,,10.112,-0.114922,0.114922,10.1107,328,37.9969796,23.8117057,14.8406,
223,112,14.26000023,12102,222227,37.9969933,23.8113149,1152,17,1:28:36 PM,1,,10.0714,0.0023942,-0.562637,10.0556,4,37.9969444,23.8116686,17.5023,
224,66,14.26000023,12062,222227,37.9968833,23.8115116,930,8,1:28:42 PM,1,,9.69992,-0.476446,-0.40462,9.67976,318,37.9972478,23.812106,7.99829,
225,57,14.26000023,12121,222227,37.997285,23.8119883,800,0,1:28:57 PM,1,,9.79607,-0.107739,2.37744,9.50259,309,37.9972587,23.8121227,0.0326404,
224,66,14.26000023,12152,222227,37.997645,23.8126983,1248,31,1:29:12 PM,1,,10.2412,-0.725443,-0.366313,10.2089,318,37.997553,23.8127207,31.9323,
222,74,14.26000023,12156,222228,37.9981583,23.8146199,1819,49,1:29:27 PM,1,,9.9936,-0.222661,-0.047884,9.991,326,37.9980787,23.8147474,49.0253,
223,55,14.26000023,12154,222228,37.998965,23.8168716,1267,50,1:29:42 PM,1,,10.7901,-1.07021,-2.02549,10.5441,307,37.9988254,23.817005,49.6217,
227,24,14.26000023,12119,222228,37.999335,23.8175583,1473,7,1:29:54 PM,1,,9.77032,-1.00078,1.36709,9.6223,276,37.9992204,23.8176284,6.11486,
227,351,14.26000023,12122,222228,37.9993583,23.81756,929,9,1:29:55 PM,1,,9.67009,-1.00317,-0.0885855,9.61751,243,37.9992411,23.817637,9.02436,
228,309,14.26000023,12119,222228,37.9994033,23.8175183,957,13,1:29:57 PM,1,,9.36362,-2.21224,-0.232238,9.09557,201,37.9992719,23.8176339,13.9431,
231,303,14.26000023,12130,222228,37.999685,23.817035,1597,26,1:30:12 PM,1,,9.31752,-0.136469,0.112527,9.31584,195,37.9996368,23.8170755,27.9481,
226,309,14.26000023,12149,222228,38.0001033,23.8162766,1694,27,1:30:27 PM,1,,10.4815,-1.26174,-0.0287304,10.4052,201,38.0000634,23.8163105,28.1815,
229,306,14.26000023,12166,222228,38.0007366,23.8151216,1280,34,1:30:42 PM,1,,9.78187,-0.287304,-1.50835,9.6606,198,38.0007458,23.8150927,34.4283,
220,321,14.26000023,12138,222228,38.00133,23.8137816,863,15,1:30:57 PM,1,,9.64685,0.988805,-0.0383072,9.59596,213,38.0012588,23.8138542,16.2234,
219,351,14.26000023,12130,222228,38.00145,23.8137349,1406,21,1:31:00 PM,1,,9.80298,-0.634463,0.679953,9.75877,243,38.0014127,23.8137916,22.8388,
213,350,14.26000023,12849,222228,38.0027816,23.8134949,1520,39,1:31:15 PM,1,,9.42001,-0.907402,-0.0981623,9.37569,242,38.0027611,23.8135033,39.6002,
208,332,14.26000023,12921,222229,38.0038916,23.812895,800,11,1:31:30 PM,1,,9.79456,-0.840365,-0.201113,9.75637,224,38.003832,23.8129604,9.41447,
196,332,14.26000023,12252,222229,38.004385,23.8125816,800,6,1:31:45 PM,1,,9.66606,-0.550666,-1.66876,9.50498,224,38.0043278,23.8126454,6.48352,
195,332,14.26000023,12137,222229,38.0043999,23.8125699,800,0,1:32:00 PM,1,,9.31263,-0.378284,-0.141258,9.30387,224,38.0043482,23.8126478,0,
192,336,14.26000023,12166,222229,38.0045966,23.8124283,1439,23,1:32:15 PM,1,,10.2513,0.28491,0.940921,10.2041,228,38.0045557,23.8125152,22.4779,
193,358,14.26000023,12796,222229,38.0058333,23.8123383,1568,40,1:32:30 PM,1,,9.66448,-0.792481,0.481235,9.6199,250,38.0058261,23.8123996,40.6964,
198,0,14.26000023,12938,222229,38.0074466,23.81232,1632,41,1:32:45 PM,1,,10.0766,-0.737414,-0.557849,10.0341,248,38.0072335,23.8123518,42.0121,
197,5,14.26000023,12187,222229,38.00893,23.8124099,1319,35,1:33:00 PM,1,,8.81494,0.174777,0.462081,8.80109,253,38.0089356,23.8123905,34.3126,
192,11,14.26000023,12145,222229,38.0100433,23.8125316,800,13,1:33:15 PM,1,,9.69863,-0.347159,-0.114922,9.69173,259,38.0100283,23.812562,13.6821,
190,15,14.26000023,12165,222229,38.0102516,23.8125366,800,0,1:33:30 PM,1,,9.8961,-0.76375,-0.0383072,9.86651,263,38.010217,23.8125918,0,
190,15,14.26000023,12168,222229,38.0102516,23.8125366,800,0,1:33:45 PM,1,,9.32915,-0.158017,0.00718261,9.32781,263,38.010244,23.8125953,0,
190,15,14.26000023,12171,222229,38.0102516,23.8125366,800,0,1:34:00 PM,1,,9.87905,-0.727837,-0.0335188,9.85214,263,38.0102439,23.8125953,0,
189,344,14.26000023,12164,222229,38.010435,23.8125833,810,9,1:34:13 PM,1,,9.32097,0.155623,-1.02472,9.26317,232,38.0103546,23.8126351,8.4359,
189,330,14.26000023,12171,222229,38.0104716,23.8125583,829,0,1:34:28 PM,1,,9.71139,-0.332794,-0.196325,9.7037,218,38.0104021,23.8126053,0,
186,316,14.26000023,12176,222229,38.0106433,23.8122999,800,8,1:34:43 PM,1,,9.52535,-0.497994,-0.0550666,9.51216,204,38.0105676,23.812379,8.42409,
185,318,14.26000023,12172,222229,38.010785,23.8121,800,0,1:34:58 PM,1,,9.74743,-0.869095,-0.047884,9.70849,206,38.0107313,23.8121484,0,
185,318,14.26000023,12156,222229,38.010785,23.8121,800,0,1:35:13 PM,1,,9.7335,-0.866701,-0.117316,9.69412,206,38.0107224,23.8121355,0,
185,318,14.26000023,12168,222229,38.010785,23.8121,800,0,1:35:28 PM,1,,9.70083,-0.881066,-0.0502782,9.6606,206,38.0107223,23.8121356,0,
185,318,14.26000023,12131,222229,38.010785,23.8121,926,0,1:35:43 PM,1,,9.28068,-0.373495,0.703895,9.24641,206,38.0107223,23.8121356,0,
184,228,14.26000023,12121,222229,38.0108433,23.8120483,800,0,1:35:58 PM,1,,9.7656,-0.634463,0.105345,9.7444,116,38.0107695,23.8120988,0,
184,228,14.26000023,12076,222229,38.0108433,23.8120483,800,0,1:36:13 PM,1,,9.6123,-0.794875,0.0574608,9.5792,116,38.0107694,23.8120989,0,
185,302,14.26000023,12076,222229,38.0108799,23.811985,1680,10,1:36:22 PM,1,,9.42481,-0.3304,1.51314,9.29669,190,38.0107934,23.812058,10.9877,
185,333,14.26000023,12067,222229,38.0111616,23.8115933,1091,19,1:36:34 PM,1,,9.2892,1.76692,0.213084,9.11712,221,38.0110513,23.8116889,19.6755,
185,5,14.26000023,12059,222229,38.011265,23.81159,1317,20,1:36:36 PM,1,,10.0979,0.684742,1.57778,9.9503,253,38.011267,23.8116428,22.5653,
185,40,13.80000019,12048,222230,38.0114049,23.8117216,2159,24,1:36:39 PM,1,,9.45901,-0.684742,1.31442,9.34218,288,38.0112908,23.8117143,25.4729,
185,70,13.80000019,12053,222230,38.0114383,23.8119966,1354,36,1:36:41 PM,1,,9.8703,-0.521936,0.806846,9.82341,318,38.0113989,23.8122779,38.8113,
180,73,13.80000019,12080,222230,38.0118683,23.8138783,1888,50,1:36:56 PM,1,,9.56055,-0.873884,-0.260968,9.51695,321,38.0117931,23.8139725,49.7146,
174,72,13.80000019,12071,222230,38.0122549,23.8154549,800,11,1:37:11 PM,1,,9.53373,-0.179565,-0.442927,9.52174,320,38.0121596,23.8155211,14.2216,
173,76,13.80000019,12040,222230,38.01227,23.8155383,800,0,1:37:26 PM,1,,9.62451,-0.380678,0.189142,9.61511,324,38.0121776,23.8155979,0,
173,76,13.80000019,12055,222230,38.01227,23.8155383,1085,0,1:37:41 PM,1,,9.59234,-0.304064,2.64559,9.21528,324,38.012179,23.8156028,0,
178,70,13.80000019,12080,222230,38.0126283,23.8168899,1346,36,1:37:56 PM,1,,9.38838,-0.244209,-1.85072,9.20092,318,38.0125367,23.8169878,37.3348,
186,62,13.80000019,12037,222230,38.0127233,23.8172683,826,0,1:38:11 PM,1,,9.59433,-0.251391,0.208296,9.58878,310,38.0126425,23.8173112,0,
187,72,13.80000019,12075,222230,38.0129333,23.8180799,1138,28,1:38:26 PM,1,,9.26126,-0.416591,0.318429,9.24641,320,38.0128237,23.8179971,27.8136,
190,69,13.80000019,12076,222230,38.0133049,23.8194733,1482,36,1:38:41 PM,1,,9.34935,-0.694318,0.849942,9.28471,317,38.0132389,23.8195376,35.3487,
194,79,13.80000019,12063,222230,38.0136666,23.8210466,800,7,1:38:56 PM,1,,9.6456,-0.260968,-1.70228,9.49062,327,38.0136058,23.821081,6.5268,
192,85,13.80000019,12051,222230,38.0136916,23.821215,1402,23,1:39:11 PM,1,,9.74575,0.237026,2.42772,9.43555,333,38.0136174,23.8213043,23.3899,
193,31,13.80000019,12016,222230,38.01372,23.8216633,812,10,1:39:19 PM,1,,9.28146,-1.92733,0.222661,9.07642,279,38.0136754,23.8217504,11.8404,
193,354,13.80000019,12028,222230,38.0137783,23.82167,1035,13,1:39:21 PM,1,,10.281,-2.11647,0.543484,10.0461,242,38.0137074,23.8217563,12.886,
193,330,13.80000019,12075,222231,38.0144733,23.8212366,1216,18,1:39:36 PM,1,,9.65519,0.169988,0.071826,9.65342,218,38.0144028,23.8213094,19.9088,
192,34,13.80000019,12034,222231,38.0147399,23.8210983,1023,8,1:39:43 PM,1,,9.71317,2.43011,1.15879,9.3326,282,38.0147243,23.8211354,10.3793,
193,83,13.80000019,12044,222231,38.0147633,23.8211516,1851,12,1:39:45 PM,1,,9.76091,0.531513,0.565032,9.73004,331,38.0147387,23.821162,12.8405,
188,77,13.80000019,12079,222231,38.0149716,23.822335,1344,22,1:40:00 PM,1,,8.41476,0.244209,1.04387,8.34619,326,38.0149052,23.8224183,21.6034,
185,61,13.80000019,12004,222231,38.0151099,23.8231066,781,0,1:40:15 PM,1,,9.94831,-0.701501,0.294487,9.91918,310,38.0150436,23.8231899,0,
185,61,13.80000019,12003,222231,38.0151099,23.8231066,771,0,1:40:30 PM,1,,9.82466,-0.440533,0.25618,9.81144,310,38.0150365,23.8231994,0,
189,76,13.80000019,12080,222231,38.0152433,23.8237583,1052,27,1:40:45 PM,1,,9.93987,-0.488417,0.833182,9.89284,325,38.015129,23.8238639,26.8792,
193,78,13.80000019,12100,222231,38.0154716,23.825305,1376,35,1:41:00 PM,1,,10.0841,-0.490811,-1.38385,9.97664,327,38.0153139,23.8250602,35.3656,
195,47,13.80000019,12086,222231,38.0155616,23.8260249,793,10,1:41:09 PM,1,,9.6706,-0.797269,-1.20189,9.56244,296,38.0155418,23.8261069,12.3816,
196,1,13.80000019,12084,222231,38.0156233,23.8260566,854,6,1:41:11 PM,1,,10.3706,-1.5682,0.725443,10.2256,250,38.0155903,23.8261166,6.95283,
200,330,13.80000019,12087,222231,38.0162016,23.825725,1308,30,1:41:23 PM,1,,9.7933,-0.270545,0.366313,9.78271,219,38.0161072,23.8258291,31.4348,
203,326,13.80000019,12087,222231,38.0173066,23.8249866,801,17,1:41:38 PM,1,,9.91574,-0.414197,-1.87705,9.72764,215,38.0172865,23.8251127,16.9801,
201,296,13.80000019,12048,222231,38.0174233,23.8249866,1189,7,1:41:44 PM,1,,9.73279,-0.301669,-0.617704,9.70849,185,38.0173286,23.8250795,6.05602,
202,257,13.80000019,12056,222231,38.017425,23.8249333,1460,9,1:41:46 PM,1,,9.78152,-1.652,0.955287,9.59357,146,38.0173766,23.8250028,10.977,
195,241,13.80000019,12091,222231,38.0168983,23.823765,1341,34,1:42:01 PM,1,,8.99268,0.208296,0.294487,8.98544,130,38.016849,23.8237776,34.3786,
191,239,13.80000019,12093,222232,38.016145,23.8222233,1408,36,1:42:16 PM,1,,9.42462,-0.588974,0.280122,9.40203,128,38.0161374,23.8222483,36.7578,
192,251,13.80000019,12084,222232,38.0157033,23.820875,1025,26,1:42:31 PM,1,,9.81426,0.136469,1.01035,9.76116,140,38.0156643,23.8209139,25.5696,
193,255,13.80000019,12108,222232,38.0154099,23.8194083,1121,29,1:42:46 PM,1,,9.33822,-0.383072,-0.921768,9.28471,144,38.0153414,23.8194468,29.8109,
189,255,13.80000019,12060,222232,38.0151999,23.8185633,800,4,1:43:01 PM,1,,9.17836,-0.395043,0.837971,9.13148,144,38.0151518,23.818585,3.63335,
186,268,13.80000019,12063,222232,38.0152016,23.8183966,800,0,1:43:16 PM,1,,9.72365,-0.567426,0.25618,9.7037,157,38.0151134,23.8184494,0,
189,253,13.80000019,12089,222232,38.0150866,23.817785,1103,15,1:43:31 PM,1,,9.48156,-0.869095,0.914585,9.39724,142,38.0150113,23.8179154,15.2039,
189,216,13.80000019,12075,222232,38.0150099,23.81765,800,13,1:43:34 PM,1,,9.95258,0.00957681,-0.897826,9.91199,105,38.0148906,23.8177052,14.0378,
189,222,13.80000019,12059,222232,38.0149649,23.817545,771,0,1:43:49 PM,1,,9.30537,-0.366313,0.268151,9.29429,111,38.0148236,23.8176581,0,
189,222,13.80000019,12056,222232,38.0149649,23.817545,800,0,1:44:04 PM,1,,9.55605,-0.792481,0.162806,9.52174,111,38.0148236,23.8176581,0,
189,222,13.80000019,12052,222232,38.0149649,23.817545,800,0,1:44:19 PM,1,,9.29675,-0.387861,0.270545,9.28471,111,38.0148236,23.8176581,0,
189,222,13.80000019,12051,222232,38.0149649,23.817545,768,0,1:44:34 PM,1,,9.94182,-0.957681,0.0837971,9.89524,111,38.0148236,23.8176581,0,
189,222,13.80000019,12052,222232,38.0149649,23.817545,800,0,1:44:49 PM,1,,10.0201,-0.835576,0.349553,9.97903,111,38.0148236,23.8176581,0,
190,209,13.80000019,12089,222232,38.0145416,23.8172916,1583,25,1:45:04 PM,1,,9.39948,-0.0215478,0.667982,9.37569,98,38.0145619,23.8174403,24.7506,
187,215,13.80000019,12090,222232,38.0137733,23.8166449,1391,21,1:45:19 PM,1,,10.0729,-0.0047884,0.88346,10.0341,104,38.0137311,23.816724,20.4145,
186,246,13.80000019,12076,222232,38.01336,23.8161316,832,19,1:45:30 PM,1,,9.49558,-0.217872,-1.34554,9.39724,135,38.0133204,23.8161786,19.705,
186,251,13.80000019,12085,222232,38.0133383,23.8159,2014,15,1:45:45 PM,1,,16.0958,-14.6645,1.23541,6.51941,140,38.0132708,23.8159843,16.1131,
185,253,13.80000019,12095,222232,38.0130383,23.8147083,1392,35,1:46:00 PM,1,,9.82167,1.19231,8.41083,4.92966,142,38.0130158,23.8146378,35.1643,
182,240,13.80000019,12056,222232,38.0127449,23.8133583,825,7,1:46:15 PM,1,,9.99518,-0.459687,9.81383,1.83875,129,38.0127482,23.8134241,7.48832,
179,260,13.20000019,12075,222233,38.012585,23.812585,804,24,1:46:30 PM,1,,9.47183,1.58257,8.70532,3.38061,149,38.0126297,23.8129301,23.7962,
179,315,13.20000019,12021,222233,38.0128833,23.8112383,768,0,1:48:28 PM,1,,9.29333,-0.260968,0.217872,9.28711,204,38.0128263,23.8112612,0,
180,309,13.20000019,12083,222233,38.0130266,23.8109166,1392,22,1:48:43 PM,1,,8.52525,-0.320823,0.227449,8.51618,198,38.0129747,23.8109014,22.9829,
184,312,13.20000019,12079,222233,38.0137,23.80993,974,19,1:48:58 PM,1,,9.78258,-0.567426,0.574608,9.74919,201,38.0136779,23.8099355,19.8184,
186,317,13.20000019,12091,222233,38.014395,23.8088816,1273,32,1:49:13 PM,1,,10.1883,-1.01514,0.452504,10.1275,206,38.0144165,23.8089023,33.1862,
189,318,13.20000019,12108,222233,38.0152116,23.8078933,864,26,1:49:28 PM,1,,8.97593,-0.799663,-0.071826,8.93995,207,38.0152277,23.8078982,26.172,
191,285,13.20000019,12094,222233,38.0154099,23.8075633,846,19,1:49:34 PM,1,,9.47274,-0.620098,0.0454898,9.45231,174,38.0153952,23.8076433,18.9621,
185,277,13.20000019,12071,222233,38.0154116,23.8066933,803,15,1:49:49 PM,1,,9.9932,-0.931344,-2.89459,9.51935,166,38.0154291,23.8067587,13.2401,
181,269,13.20000019,12083,222233,38.0154583,23.8059683,845,27,1:50:04 PM,1,,10.1163,-0.785298,-1.63285,9.9527,158,38.0154491,23.8060638,26.5777,
175,265,13.20000019,12073,222233,38.01546,23.8050583,864,25,1:50:19 PM,1,,9.58559,-0.718261,-0.395043,9.55047,154,38.0154134,23.8051478,26.8005,
173,268,13.20000019,12092,222233,38.0154333,23.8043733,1535,24,1:50:34 PM,1,,9.76997,-1.02711,-0.0550666,9.71567,157,38.0153802,23.8044489,25.2553,
169,267,13.20000019,12077,222233,38.0154483,23.8034249,1247,0,1:50:49 PM,1,,9.9048,-0.926556,1.18513,9.78989,156,38.0154336,23.803509,0,
170,288,13.20000019,12080,222234,38.0156533,23.802325,832,25,1:51:04 PM,1,,9.89835,-0.275333,-1.52989,9.77553,177,38.0156826,23.8024048,25.5127,
171,287,13.20000019,12091,222234,38.0158166,23.8017533,1618,25,1:51:19 PM,1,,9.97648,-0.766145,0.711078,9.92157,176,38.015804,23.8018718,25.5826,
170,281,13.20000019,12037,222234,38.01606,23.8006983,799,0,1:51:34 PM,1,,9.68411,-0.849942,-0.0981623,9.64624,170,38.0160247,23.8008443,0,
170,356,13.20000019,12052,222234,38.0161183,23.8006166,1750,9,1:51:49 PM,1,,9.89289,1.17795,1.5682,9.69652,245,38.0160525,23.8007365,9.70341,
175,11,13.20000019,12084,222234,38.0170649,23.800795,864,32,1:52:04 PM,1,,9.54046,-0.557849,-0.00718261,9.52413,260,38.0169258,23.8007858,32.9046,
176,348,13.20000019,12038,222234,38.0174183,23.800845,800,0,1:52:19 PM,1,,9.28176,-0.234632,0.153229,9.27753,238,38.017387,23.8009018,0,
176,348,13.20000019,12035,222234,38.0174183,23.800845,800,0,1:52:34 PM,1,,9.6037,-0.189142,0.258574,9.59835,238,38.017387,23.8009018,0,
176,21,13.20000019,12057,222234,38.0174866,23.8008383,1117,8,1:52:46 PM,1,,9.57847,-1.0343,0.387861,9.51456,205,38.0174071,23.8009078,7.68152,
176,340,13.20000019,12056,222234,38.0175566,23.800825,1237,12,1:52:48 PM,1,,10.1304,-1.31202,0.1652,10.0437,246,38.0174408,23.8009102,15.1228,
175,302,13.20000019,12052,222234,38.017665,23.80069,1585,18,1:52:51 PM,1,,8.70754,-1.7765,0.739808,8.49223,208,38.017583,23.8008849,19.1186,
175,269,13.20000019,12053,222234,38.0177016,23.8004583,1754,26,1:52:54 PM,1,,9.23215,-1.05584,-0.347159,9.165,175,38.0176595,23.8006302,27.8306,
170,262,13.20000019,12057,222234,38.0176249,23.7997366,800,0,1:53:09 PM,1,,9.28887,-0.835576,-0.0191536,9.25119,168,38.0175159,23.7997548,0,
170,262,13.20000019,12078,222234,38.0176249,23.7997366,1246,0,1:53:24 PM,1,,9.48358,-0.933739,1.58257,9.30387,168,38.0175098,23.7997358,0,
173,272,13.20000019,12095,222234,38.01742,23.7980366,1665,44,1:53:39 PM,1,,9.52329,-0.6608,-0.641646,9.47864,178,38.0173311,23.7980716,44.1057,
171,300,13.20000019,12085,222234,38.017795,23.7963533,1280,34,1:53:54 PM,1,,10.1126,-1.21865,0.00957681,10.0389,206,38.0177373,23.7965113,34.3477,
170,322,13.20000019,12073,222234,38.0185333,23.7953683,1619,40,1:54:09 PM,1,,9.68194,-0.933739,0.37589,9.62948,228,38.0185152,23.795383,42.0839,
164,331,13.20000019,12063,222235,38.0199466,23.7942416,877,31,1:54:24 PM,1,,11.092,-1.49159,-2.09014,10.7907,237,38.0198908,23.7943435,31.5043,
158,331,13.20000019,12096,222235,38.0206033,23.793815,1445,33,1:54:39 PM,1,,9.60689,-1.34315,1.39821,9.40921,237,38.0204847,23.7939578,32.3229,
161,320,13.20000019,12082,222235,38.0219083,23.7927966,1406,35,1:54:54 PM,1,,10.1862,-1.68073,0.826,10.0126,226,38.021885,23.792942,35.6028,
162,307,13.20000019,12079,222235,38.0227983,23.7915633,1246,31,1:55:09 PM,1,,9.52563,-1.94409,-0.466869,9.31344,213,38.0226588,23.7917433,31.0692,
159,303,13.20000019,12063,222235,38.02384,23.7897383,1189,41,1:55:24 PM,1,,9.77456,-1.65918,0.723049,9.60554,209,38.0229055,23.7913217,39.4818,
161,347,13.20000019,12064,222235,38.02407,23.7895033,1941,28,1:55:28 PM,1,,9.2716,-0.802058,2.01592,9.01417,253,38.0240587,23.789616,29.0533,
154,359,13.20000019,12093,222235,38.025745,23.7896699,1441,38,1:55:43 PM,1,,9.762,-1.29047,-0.629675,9.65582,265,38.0257819,23.789745,36.8487,
149,15,13.20000019,12114,222236,38.0266966,23.7897333,1186,29,1:55:58 PM,1,,9.77651,-1.29287,-0.699107,9.66539,281,38.0266788,23.7898313,29.7702,
156,33,13.20000019,12114,222236,38.0277449,23.7903783,1504,39,1:56:13 PM,1,,9.52037,-0.984017,0.0766145,9.46907,299,38.0277274,23.7904144,38.7591,
162,35,13.20000019,12093,222236,38.0288383,23.7912633,2186,54,1:56:28 PM,1,,9.37434,-0.663194,1.13006,9.28232,301,38.0288149,23.7913156,53.4938,
168,34,13.20000019,12124,222236,38.0308849,23.7930466,1664,60,1:56:43 PM,1,,9.67571,-0.656011,0.608127,9.63427,300,38.0290541,23.7915236,60.7593,
172,34,13.20000019,12132,222236,38.0327816,23.7947166,1728,63,1:56:58 PM,1,,10.2198,-0.869095,0.447716,10.173,300,38.0327574,23.7947488,63.7201,
179,36,13.20000019,12127,222237,38.0347966,23.7964766,1665,64,1:57:13 PM,1,,10.0446,-1.16598,-0.0430956,9.97664,302,38.0331443,23.7950901,64.0781,
181,42,13.20000019,12128,222237,38.0364699,23.7981999,1664,60,1:57:28 PM,1,,9.67279,-0.876278,0.260968,9.62948,308,38.0362669,23.7981269,60.5136,
188,43,13.20000019,12115,222237,38.0381183,23.8004083,,63,1:57:43 PM,1,,9.15894,-1.20668,0.471658,9.06684,309,38.0381387,23.8003407,63.1812,
186,31,13.20000019,12119,222237,38.0397216,23.8017599,1249,48,1:57:58 PM,1,,7.75038,-0.464475,0.110133,7.73567,297,38.0396909,23.8018549,48.0197,
196,37,13.20000019,12122,222237,38.0410016,23.8027783,1350,35,1:58:13 PM,1,,10.1813,-0.667982,0.916979,10.1179,303,38.0409742,23.802831,35.902,
203,62,13.20000019,12087,222238,38.0413999,23.803345,800,0,1:58:28 PM,1,,10.0037,-1.23301,0.260968,9.92397,328,38.0413585,23.8033782,0,
203,62,13.20000019,12051,222238,38.0413999,23.803345,800,0,1:58:43 PM,1,,9.22496,-0.581791,0.323217,9.20092,328,38.0413585,23.8033781,0,
203,62,13.20000019,12056,222238,38.0413999,23.803345,769,0,1:58:58 PM,1,,9.29631,-0.624887,0.368707,9.26795,328,38.0413585,23.8033781,0,
203,62,13.20000019,12068,222238,38.0413999,23.803345,800,0,1:59:13 PM,1,,10.1556,-0.823605,1.1995,10.0509,328,38.0413638,23.8033908,0,
201,25,13.20000019,12091,222238,38.04192,23.8041849,1536,38,1:59:27 PM,1,,9.78835,-1.25456,0.172383,9.70609,291,38.0415942,23.8038967,38.0529,
197,342,13.20000019,12080,222238,38.0424166,23.8042016,1535,39,1:59:31 PM,1,,9.54592,-2.02789,0.0646434,9.32781,243,38.0423784,23.8041917,40.2565,
197,309,13.20000019,12077,222238,38.0427183,23.8039283,819,28,1:59:36 PM,1,,9.96188,-0.361524,-0.847547,9.91918,210,38.0427044,23.8038212,21.353,
198,280,13.20000019,12055,222238,38.0427783,23.8037133,769,0,1:59:51 PM,1,,9.59078,-0.136469,0.25618,9.58638,181,38.0427551,23.8037003,0,
198,280,13.20000019,12046,222238,38.0427783,23.8037133,1399,0,2:00:06 PM,1,,9.94192,-0.545878,2.07098,9.70849,181,38.0427497,23.803699,0,
194,280,13.20000019,12088,222238,38.0429266,23.8024749,1280,35,2:00:21 PM,1,,6.30694,-0.550666,-0.0766145,6.28239,181,38.0429351,23.8024678,34.7098,
184,276,13.20000019,12049,222238,38.04317,23.8011983,1246,14,2:00:36 PM,1,,10.6498,-3.92649,0.363919,9.89284,177,38.0431732,23.8013114,14.8806,
184,214,13.20000019,12057,222238,38.0430166,23.8010416,1695,26,2:00:39 PM,1,,9.7166,-0.500388,0.938527,9.65821,115,38.0430227,23.8011461,27.1591,
185,249,13.20000019,12047,222238,38.0425416,23.800695,922,12,2:00:50 PM,1,,10.2889,0.679953,-0.543484,10.252,150,38.0425418,23.8007915,12.844,
184,279,13.20000019,12054,222238,38.0425466,23.8006533,1238,14,2:00:51 PM,1,,9.19461,0.277727,1.03908,9.13148,180,38.0425611,23.8006511,17.6949,
173,292,13.20000019,12087,222238,38.0431449,23.7987249,1987,52,2:01:06 PM,1,,9.68268,-0.895431,1.04866,9.58399,193,38.0430487,23.7990914,52.161,
180,291,13.20000019,12055,222238,38.0436233,23.79706,830,21,2:01:21 PM,1,,9.78464,-0.751779,-1.1564,9.68694,192,38.0436461,23.7971384,20.2103,
185,281,13.20000019,12091,222238,38.0437083,23.7968099,1373,14,2:01:36 PM,1,,9.75795,-0.241814,2.08774,9.52892,182,38.0436942,23.7970068,11.1782,
188,291,13.20000019,12152,222239,38.0442366,23.7950333,1504,39,2:01:51 PM,1,,8.83358,-0.433351,0.0742203,8.82263,192,38.0442322,23.7950944,39.7763,
193,289,13.20000019,12163,222239,38.0447083,23.79341,1312,33,2:02:06 PM,1,,9.35303,-0.292093,0.167594,9.34696,190,38.0447137,23.7934675,33.7326,
198,284,13.20000019,12140,222239,38.0450033,23.7923816,1221,10,2:02:21 PM,1,,9.81021,-0.383072,1.08936,9.74201,185,38.0449627,23.7924295,9.6408,
200,287,13.20000019,12143,222239,38.0450583,23.7921333,941,4,2:02:36 PM,1,,9.39644,-1.0319,2.59771,8.97107,188,38.0450243,23.792134,4.71544,
201,253,13.20000019,12139,222239,38.0450616,23.7920233,945,11,2:02:39 PM,1,,9.71669,-0.766145,0.191536,9.68455,154,38.0450252,23.7921091,10.5318,
201,216,13.20000019,12127,222239,38.0450299,23.7919783,822,10,2:02:41 PM,1,,9.21596,-0.112527,0.629675,9.19373,117,38.0449881,23.7919922,10.1246,
203,241,13.20000019,12148,222239,38.044455,23.79149,1417,30,2:02:56 PM,1,,9.26071,-0.418985,-0.023942,9.25119,142,38.0447227,23.7919331,26.7736,
0,0,13.20000019,12119,222239,38.0444083,23.7914283,800,0,2:03:11 PM,1,,9.61371,-0.952892,-0.591368,9.54808,169,38.0440399,23.7910808,0,
0,0,13.20000019,12134,222239,38.0444083,23.7914283,800,0,2:03:26 PM,1,,9.73577,-0.557849,0.282516,9.71567,169,38.0439576,23.7906969,0,
0,0,13.20000019,12055,222239,38.0444083,23.7914283,800,0,2:03:41 PM,1,,9.54862,-0.402226,0.177171,9.5385,169,38.0440417,23.7904714,0,
0,0,13.20000019,12073,222239,38.0444083,23.7914283,865,0,2:03:56 PM,1,,9.35276,-0.339977,0.19393,9.34457,169,38.0439089,23.7906199,0,
0,0,13.20000019,12073,222239,38.0444083,23.7914283,1038,0,2:04:11 PM,1,,,,,,,,,,
139,272,12.88000011,12114,222244,38.0471716,23.7613133,832,0,8:10:35 PM,1,,9.25525,-0.280122,-2.4756,8.91361,269,38.0473433,23.7633504,0,
141,242,12.88000011,12131,222244,38.0471266,23.7612833,804,6,8:10:45 PM,1,,10.5431,0.435745,1.7741,10.3837,239,38.0471337,23.761235,6.92524,
142,193,12.88000011,12145,222244,38.0469883,23.7609066,1405,10,8:10:59 PM,1,,9.4164,0.184354,0.237026,9.41161,190,38.047122,23.7612096,10.5845,
143,226,12.88000011,12153,222244,38.0465366,23.7606066,873,16,8:11:10 PM,1,,8.89376,0.301669,-0.258574,8.88488,223,38.0465361,23.760611,17.8122,
143,235,12.88000011,12165,222244,38.0462783,23.7600283,1072,16,8:11:25 PM,1,,9.24508,-0.751779,0.617704,9.19373,232,38.0463149,23.7600252,17.0938,
141,212,12.88000011,12165,222244,38.0455733,23.759045,1575,27,8:11:40 PM,1,,9.91476,-1.10852,0.387861,9.84496,209,38.0457619,23.7592045,27.1783,
141,222,12.88000011,12115,222244,38.0453166,23.7588749,831,0,8:11:55 PM,1,,10.179,-0.797269,1.7358,9.99819,219,38.0453174,23.7588599,0,
142,186,12.88000011,12117,222244,38.0452483,23.7587983,1136,10,8:12:02 PM,1,,8.66323,-1.31202,0.438139,8.55209,183,38.0452513,23.758771,12.4004,
142,154,12.88000011,12124,222244,38.0451233,23.758855,1400,20,8:12:05 PM,1,,9.26,-0.768539,1.51553,9.10275,151,38.0451408,23.7588453,22.0972,
141,154,12.88000011,12155,222244,38.0439966,23.7595849,1413,35,8:12:20 PM,1,,9.87535,-0.490811,0.672771,9.84017,151,38.0440471,23.759565,35.6328,
145,148,12.88000011,12149,222244,38.0427333,23.7604416,1810,28,8:12:35 PM,1,,9.73166,-1.28569,-0.220267,9.64384,145,38.0429912,23.7602805,28.2203,
160,182,12.88000011,12124,222244,38.0423333,23.76095,924,10,8:12:48 PM,1,,10.3585,1.99198,0.612916,10.1466,179,38.0423326,23.7609427,12.6011,
160,228,12.88000011,12126,222244,38.0423166,23.7609149,1082,12,8:12:49 PM,1,,10.132,0.653617,1.64242,9.97664,225,38.0423086,23.7609379,10.4073,
156,188,12.88000011,12120,222245,38.0418833,23.7602366,1068,13,8:13:01 PM,1,,9.7053,-0.591368,1.42694,9.5816,185,38.0419349,23.7602983,13.7335,
154,151,12.88000011,12128,222245,38.0416483,23.7603899,1851,30,8:13:04 PM,1,,9.1276,-0.749385,-0.3304,9.09078,148,38.041767,23.7604177,29.374,
143,148,12.88000011,12126,222245,38.0406133,23.7611733,832,22,8:13:19 PM,1,,9.38643,-0.37589,-1.22104,9.29908,145,38.0407281,23.7611654,21.3596,
136,152,12.88000011,12115,222245,38.0403683,23.7613533,800,0,8:13:34 PM,1,,9.46789,-0.167594,-0.76375,9.43555,149,38.0404598,23.7613573,0,
134,156,12.88000011,12130,222245,38.0403383,23.7613733,1719,8,8:13:49 PM,1,,9.8508,-0.126893,-0.227449,9.84735,153,38.0404279,23.7613653,9.28101,
130,127,12.88000011,12150,222245,38.0395833,23.76205,1534,24,8:14:04 PM,1,,8.86086,-0.248997,0.634463,8.8346,124,38.0397013,23.7620004,25.0417,
138,119,12.88000011,12161,222245,38.0390416,23.7630833,1103,28,8:14:19 PM,1,,10.066,-0.675165,1.1133,9.98143,116,38.0393166,23.7626689,28.7919,
153,123,12.88000011,12161,222245,38.0382383,23.764575,1633,41,8:14:34 PM,1,,9.22088,-0.459687,0.878672,9.1674,120,38.0385748,23.7641295,42.5173,
161,123,12.88000011,12138,222245,38.0375666,23.7659083,930,30,8:14:49 PM,1,,10.2727,-0.723049,-1.81959,10.0844,120,38.037613,23.765863,31.8183,
167,130,12.88000011,12134,222245,38.0369933,23.7668766,907,31,8:15:04 PM,1,,9.60857,-0.593762,-1.54905,9.46428,127,38.0371242,23.7669311,30.3401,
166,193,12.88000011,12102,222245,38.0368316,23.767065,927,14,8:15:09 PM,1,,9.23401,0.672771,0.4956,9.19613,190,38.0370042,23.76709,13.4093,
159,218,12.88000011,12144,222245,38.0361066,23.7664966,1444,23,8:15:24 PM,1,,9.83643,-0.687136,-0.399832,9.80426,215,38.0364675,23.7666328,22.6303,
151,205,12.88000011,12104,222246,38.0356416,23.7660766,800,0,8:15:39 PM,1,,9.5871,-0.924162,0.172383,9.54089,202,38.0358103,23.7660294,0,
151,205,12.88000011,12106,222246,38.0356416,23.7660766,800,0,8:15:54 PM,1,,10.0315,-1.15161,0.241814,9.96227,202,38.0357908,23.7660345,0,
151,205,12.88000011,12116,222246,38.0356416,23.7660766,1048,0,8:16:09 PM,1,,9.29936,-0.778116,0.92895,9.22007,202,38.0357671,23.7660264,0,
152,156,12.88000011,12119,222246,38.0355233,23.7659733,1281,16,8:16:16 PM,1,,10.6739,-4.06057,0.754174,9.84256,153,38.0355741,23.7660167,16.4637,
153,118,12.88000011,12133,222246,38.0353833,23.7661899,1911,29,8:16:19 PM,1,,9.70775,-0.368707,2.14999,9.45949,115,38.0354706,23.7662102,26.3472,
150,91,12.88000011,12158,222246,38.034875,23.7685983,1683,61,8:16:34 PM,1,,9.06882,-0.823605,0.225055,9.02853,88,38.0350114,23.7685825,61.4126,
142,115,12.88000011,12122,222246,38.0348983,23.7707433,804,6,8:16:49 PM,1,,9.70908,-0.969652,-0.428562,9.65103,112,38.0349547,23.7707419,7.07733,
142,115,12.88000011,12118,222246,38.03489,23.77074,800,0,8:17:04 PM,1,,10.0097,-1.06781,0.37589,9.94551,112,38.034953,23.7707471,0,
142,115,12.88000011,12121,222246,38.03489,23.77074,769,0,8:17:19 PM,1,,9.16567,-0.52433,0.418985,9.14106,112,38.034953,23.7707471,0.00E+00,
147,130,12.88000011,12155,222246,38.0345966,23.7712499,1855,30,8:17:34 PM,1,,9.62264,-0.263362,1.36469,9.52174,127,38.0346792,23.7713011,30.3425,
152,129,12.88000011,12162,222246,38.0336366,23.7728883,1952,48,8:17:49 PM,1,,9.83626,-0.047884,-0.500388,9.82341,126,38.033804,23.7728,49.9348,
151,115,12.88000011,12136,222246,38.0324983,23.7746333,1728,44,8:18:04 PM,1,,9.23533,-1.30484,0.342371,9.13627,112,38.0325172,23.7746433,44.3783,
151,128,12.88000011,12145,222247,38.0316783,23.7763383,1257,32,8:18:19 PM,1,,9.72849,-0.490811,0.866701,9.67736,125,38.0316515,23.7763533,32.2951,
157,127,12.88000011,12155,222247,38.0307683,23.7777883,1598,41,8:18:34 PM,1,,9.52095,-1.08697,0.459687,9.44752,124,38.0309258,23.77765,41.0981,
155,128,12.88000011,12162,222247,38.0297349,23.7795916,1501,57,8:18:49 PM,1,,8.84083,-0.25618,0.713472,8.80827,125,38.0299217,23.7793292,55.986,
156,129,12.88000011,12113,222247,38.0286866,23.7812716,836,26,8:19:04 PM,1,,9.89172,-0.555455,-0.61531,9.85693,126,38.0287508,23.7812751,26.1001,
156,122,12.88000011,12120,222247,38.0285216,23.7814866,896,0,8:19:19 PM,1,,9.92972,-0.462081,1.68073,9.77553,119,38.0285999,23.7814877,0,
156,127,12.88000011,12160,222247,38.0280183,23.7822883,1470,37,8:19:34 PM,1,,10.3961,-0.960075,0.960075,10.307,124,38.0280841,23.7823098,36.3131,
160,124,12.88000011,12163,222247,38.027045,23.7839533,1572,41,8:19:49 PM,1,,8.84638,-0.469264,0.672771,8.80827,121,38.0271162,23.7839392,40.0835,
165,127,12.88000011,12162,222248,38.0260399,23.7856016,1732,45,8:20:04 PM,1,,10.0391,-0.866701,0.70629,9.97664,124,38.0260809,23.7856205,46.3262,
167,127,12.88000011,12160,222248,38.0250999,23.7872466,1601,42,8:20:19 PM,1,,9.45072,-0.557849,-0.332794,9.42837,124,38.0252151,23.7871451,43.0765,
166,132,12.88000011,12140,222248,38.0241633,23.788815,1600,41,8:20:34 PM,1,,9.54586,-1.32878,-1.04627,9.39485,129,38.0242027,23.7887994,41.3313,
165,118,12.88000011,12158,222248,38.02364,23.7898083,1894,31,8:20:49 PM,1,,10.1967,-1.94409,-2.56658,9.67497,115,38.0240272,23.78909,35.5756,
174,127,12.88000011,12164,222248,38.0227483,23.7912516,1398,35,8:21:04 PM,1,,10.0763,-2.21224,0.208296,9.8282,124,38.0227983,23.7912858,34.6296,
175,133,12.88000011,12158,222248,38.0219949,23.7924933,1500,38,8:21:19 PM,1,,9.8861,-0.979228,1.03669,9.78271,130,38.0220053,23.7925979,38.4948,
171,150,12.88000011,12159,222249,38.0206083,23.7936633,1664,44,8:21:34 PM,1,,9.38661,-0.399832,-0.423774,9.36851,147,38.0215049,23.7931135,43.9572,
168,150,12.88000011,12168,222249,38.0190433,23.7947499,1408,51,8:21:49 PM,1,,10.7349,-0.881066,0.893037,10.6614,147,38.0190329,23.7948874,52.376,
174,129,12.88000011,12154,222249,38.0178249,23.7960766,1407,35,8:22:04 PM,1,,10.1414,-1.64482,0.646434,9.98622,126,38.0178279,23.7961714,36.576,
176,102,12.88000011,12171,222249,38.0172083,23.7976316,1255,32,8:22:19 PM,1,,9.3277,-1.14443,1.49159,9.13627,99,38.0172625,23.7977299,31.751,
180,77,12.88000011,12179,222249,38.01737,23.7994916,1632,43,8:22:34 PM,1,,9.45372,-0.54109,1.25696,9.35415,74,38.0173772,23.799601,42.8814,
179,74,12.88000011,12140,222249,38.01758,23.8006083,772,0,8:22:49 PM,1,,9.29123,-0.481235,0.395043,9.27035,71,38.0175535,23.8005765,0,
179,74,12.88000011,12151,222249,38.01758,23.8006083,770,0,8:23:04 PM,1,,9.7546,-0.804452,0.332794,9.71567,71,38.0175538,23.8005767,0,
179,74,12.88000011,12143,222249,38.01758,23.8006083,800,0,8:23:19 PM,1,,9.6242,-0.677559,0.418985,9.59117,71,38.0175522,23.8005774,0,
178,81,12.88000011,12168,222249,38.0176066,23.8009816,1758,28,8:23:34 PM,1,,10.0284,-0.737414,2.30322,9.73243,78,38.0176139,23.8010223,29.2062,
180,75,12.88000011,12166,222250,38.0179733,23.8029383,1632,40,8:23:49 PM,1,,10.7327,0.471658,-0.47884,10.7117,72,38.0179577,23.8029781,41.5686,
186,74,12.88000011,12166,222250,38.018405,23.8049183,1718,44,8:24:04 PM,1,,9.19282,-0.627281,0.651223,9.14824,71,38.0183372,23.8049536,44.194,
189,72,12.88000011,12159,222250,38.018765,23.8067399,1500,37,8:24:19 PM,1,,9.48217,-1.28569,0.469264,9.38288,69,38.0187246,23.8066711,37.5323,
189,111,12.88000011,12146,222250,38.0188033,23.8075766,1440,36,8:24:26 PM,1,,9.91801,0.572214,0.859518,9.86411,108,38.0188187,23.8073706,36.672,
191,116,12.88000011,12165,222250,38.0180216,23.8094916,1248,45,8:24:41 PM,1,,9.85876,-0.969652,0.565032,9.79468,113,38.0180321,23.8095078,45.034,
194,116,12.88000011,12165,222250,38.017285,23.8113216,1338,48,8:24:56 PM,1,,9.54095,-0.993594,0.390255,9.48104,113,38.0173018,23.8113185,47.7345,
198,119,12.88000011,12137,222251,38.0165683,23.8131283,805,26,8:25:11 PM,1,,9.8053,-0.481235,-0.905008,9.75158,116,38.0165986,23.8131188,25.2815,
198,105,12.88000011,12156,222251,38.0164983,23.8133233,1544,10,8:25:26 PM,1,,9.82114,-0.885855,-1.20907,9.70609,102,38.0165404,23.8132415,8.61314,
197,116,12.88000011,12167,222251,38.01591,23.8149133,1727,44,8:25:41 PM,1,,9.38836,-0.373495,0.378284,9.3733,113,38.0158886,23.8148822,44.9344,
196,116,12.88000011,12143,222251,38.0149416,23.8167533,897,39,8:25:56 PM,1,,9.32345,-1.02232,-1.99437,9.05008,113,38.0149344,23.816743,40.657,
199,111,12.88000011,12121,222251,38.0147966,23.8171183,787,0,8:26:11 PM,1,,9.34064,-0.679953,0.299275,9.31105,108,38.0148161,23.8170879,0,
199,111,12.88000011,12124,222251,38.0147966,23.8171183,775,0,8:26:26 PM,1,,9.61623,-0.933739,0.337582,9.56484,108,38.0148118,23.8170912,0,
199,111,12.88000011,12122,222251,38.0147966,23.8171183,798,0,8:26:41 PM,1,,9.37989,-0.802058,0.328006,9.33978,108,38.0148033,23.8171,0,
199,111,12.88000011,12119,222251,38.0147966,23.8171183,800,0,8:26:56 PM,1,,9.26318,-0.70629,0.277727,9.23204,108,38.0148031,23.8170997,0,
200,80,12.88000011,12143,222251,38.0146649,23.8175166,1184,19,8:27:09 PM,1,,9.30532,-1.9824,0.129287,9.09078,77,38.0147373,23.8175644,20.1234,
201,40,12.88000011,12143,222251,38.014755,23.81767,1439,21,8:27:12 PM,1,,10.6127,-0.466869,-0.265756,10.5991,37,38.0148202,23.817648,22.204,
205,71,12.88000011,12154,222251,38.0150633,23.8181633,1591,25,8:27:20 PM,1,,9.34255,-0.770933,0.414197,9.30147,68,38.0150436,23.8180829,25.4142,
206,74,12.88000011,12161,222251,38.015345,23.8194966,994,26,8:27:35 PM,1,,10.1625,-1.09176,-0.0550666,10.1035,71,38.0153591,23.8194292,26.4341,
201,74,12.88000011,12113,222251,38.0155983,23.82054,1534,26,8:27:50 PM,1,,8.40641,-0.426168,0.325611,8.38928,71,38.0156018,23.820633,27.4222,
198,73,12.88000011,12129,222251,38.0158666,23.8217,800,12,8:28:05 PM,1,,10.6988,0.888249,0.100556,10.6614,70,38.0158449,23.8217356,13.6031,
197,108,12.88000011,12133,222251,38.0158599,23.821765,893,8,8:28:07 PM,1,,9.18507,0.984017,-0.114922,9.13148,105,38.0158251,23.8217754,14.2663,
196,143,12.88000011,12129,222251,38.0157783,23.821835,1307,13,8:28:10 PM,1,,11.5502,-0.323217,0.272939,11.5424,140,38.0157475,23.8218328,16.4055,
195,166,12.88000011,12142,222252,38.0150533,23.8222933,800,0,8:28:25 PM,1,,9.6253,-0.21069,0.916979,9.5792,163,38.0151253,23.8222588,0,
195,148,12.88000011,12151,222252,38.0149316,23.822385,1312,9,8:28:40 PM,1,,9.12862,-1.43173,0.162806,9.01417,145,38.0150057,23.8223582,10.4019,
194,117,12.88000011,12146,222252,38.0149016,23.8224316,1152,8,8:28:42 PM,1,,9.50157,-1.09415,0.799663,9.40442,114,38.014967,23.8224194,8.80877,
193,83,12.88000011,12138,222252,38.0148999,23.8225483,1454,14,8:28:45 PM,1,,9.61842,-0.624887,0.474052,9.58638,80,38.0149585,23.8225458,12.1559,
189,56,12.88000011,12124,222252,38.0150616,23.8232683,964,5,8:29:00 PM,1,,9.77306,0.11971,-0.59855,9.75398,53,38.0150545,23.8233029,5.66525,
188,56,12.88000011,12105,222252,38.0150716,23.8232899,799,0,8:29:15 PM,1,,9.81825,-0.301669,0.428562,9.80426,53,38.0150648,23.8233433,0,
188,56,12.88000011,12120,222252,38.0150716,23.8232899,800,0,8:29:30 PM,1,,9.57347,-0.237026,0.251391,9.56723,53,38.0150659,23.8233417,0,
188,56,12.88000011,12121,222252,38.0150716,23.8232899,768,0,8:29:45 PM,1,,10.0439,-0.502782,0.201113,10.0293,53,38.0150458,23.8233397,0,
188,56,12.88000011,12130,222252,38.0150716,23.8232899,800,0,8:30:00 PM,1,,10.1722,-0.318429,0.418985,10.1586,53,38.0150457,23.8233395,0,
188,56,12.42000008,12118,222252,38.0150716,23.8232899,799,0,8:30:15 PM,1,,9.91651,-0.19393,0.383072,9.90721,53,38.0150457,23.8233395,0,
190,69,12.42000008,12144,222252,38.015145,23.8236816,1119,19,8:30:30 PM,1,,10.1088,-0.529119,0.407014,10.0868,66,38.0151166,23.8236747,16.7039,
198,73,12.42000008,12160,222252,38.015395,23.8249683,884,25,8:30:45 PM,1,,10.2729,-1.2785,0.138864,10.1921,70,38.0153128,23.8249491,25.3948,
201,60,12.42000008,12132,222252,38.015535,23.8253933,800,0,8:31:00 PM,1,,9.78284,-0.960075,0.248997,9.73243,57,38.0154033,23.825404,0,
202,81,12.42000008,12149,222252,38.0155383,23.8257966,800,7,8:31:15 PM,1,,9.53294,-0.452504,0.981623,9.47146,78,38.0154661,23.8257865,7.83647,
207,88,12.42000008,12149,222252,38.0155749,23.8263549,990,14,8:31:30 PM,1,,8.41995,0.356736,0.97444,8.35576,85,38.0155638,23.8261975,13.4995,
201,129,12.42000008,12153,222252,38.0154516,23.8270816,1185,20,8:31:43 PM,1,,9.75939,-0.0957681,0.378284,9.75158,126,38.015423,23.8271186,20.2746,
199,161,12.42000008,12148,222252,38.0151533,23.8272466,1216,20,8:31:49 PM,1,,9.85866,-1.22104,0.837971,9.74679,158,38.0151668,23.827312,19.5541,
193,156,12.42000008,12164,222252,38.0145233,23.8275766,1343,21,8:32:04 PM,1,,9.20615,-0.754174,1.43652,9.06205,153,38.0147735,23.8275665,21.4687,
197,186,12.42000008,12152,222252,38.0140466,23.8278466,959,7,8:32:16 PM,1,,9.9271,-0.531513,0.454898,9.90242,183,38.0140604,23.8279456,7.56134,
197,228,12.42000008,12151,222252,38.014015,23.8278316,1082,8,8:32:18 PM,1,,9.16626,1.01514,1.71425,8.94713,225,38.014032,23.8279118,8.63717,
197,262,12.42000008,12138,222252,38.0139983,23.8277683,1913,13,8:32:20 PM,1,,9.73162,-0.198719,-0.42138,9.72046,259,38.0140262,23.8278215,18.1359,
196,267,12.42000008,12170,222252,38.0140083,23.8260816,1664,43,8:32:35 PM,1,,9.76459,-0.672771,-0.28491,9.73722,264,38.0139837,23.8259725,43.5735,
199,261,12.42000008,12140,222252,38.0139716,23.8250233,800,0,8:32:50 PM,1,,9.28076,-0.768539,-0.0383072,9.2488,258,38.0139423,23.8250648,0,
199,263,12.42000008,12157,222252,38.0139283,23.8246466,1207,28,8:33:05 PM,1,,9.76869,-0.526724,0.814029,9.72046,260,38.0139062,23.8245388,29.1377,
202,264,12.42000008,12156,222253,38.013845,23.8236949,771,15,8:33:20 PM,1,,9.08929,-0.790087,-0.0167594,9.05487,261,38.0138705,23.8237017,15.9838,
207,262,12.42000008,12147,222253,38.0138033,23.823145,799,0,8:33:35 PM,1,,9.92134,-0.902614,0.28491,9.87608,259,38.0138324,23.823157,0,
207,262,12.42000008,12148,222253,38.0138033,23.823145,800,0,8:33:50 PM,1,,9.12255,-0.545878,0.138864,9.10515,259,38.0138323,23.8231576,0,
207,262,12.42000008,12145,222253,38.0138033,23.823145,800,0,8:34:05 PM,1,,10.0775,-1.02232,0.141258,10.0245,259,38.0138323,23.8231576,0,
206,265,12.42000008,12169,222253,38.01377,23.822855,1373,22,8:34:20 PM,1,,9.72155,-0.761356,1.05345,9.63427,262,38.0137962,23.8228374,23.031,
206,266,12.42000008,12181,222253,38.0136783,23.8214666,1625,27,8:34:35 PM,1,,9.74339,-0.876278,0.486023,9.69173,263,38.0137417,23.8214406,27.1073,
204,250,12.42000008,12176,222253,38.0135016,23.8198366,1635,42,8:34:50 PM,1,,9.68704,-0.509965,-0.141258,9.67257,247,38.013546,23.8198384,42.3724,
198,250,12.42000008,12177,222253,38.013025,23.8181083,1346,35,8:35:05 PM,1,,9.98894,-0.402226,-0.646434,9.95988,247,38.0130339,23.8181369,36.219,
201,256,12.42000008,12153,222253,38.012635,23.816945,800,8,8:35:20 PM,1,,9.8588,-0.351948,-0.538695,9.83778,253,38.0126698,23.8169642,7.42593,
201,157,12.42000008,12153,222253,38.0126,23.81685,800,0,8:35:35 PM,1,,9.19015,-0.105345,0.105345,9.18895,154,38.0126502,23.8168927,0,
201,157,12.42000008,12160,222253,38.0126,23.81685,1032,0,8:35:50 PM,1,,8.95372,0.00718261,1.47004,8.83221,154,38.0126481,23.8168873,0,
201,258,12.42000008,12166,222253,38.012585,23.8168016,1659,12,8:35:53 PM,1,,9.09473,0.0143652,1.53708,8.96389,255,38.0126333,23.8168047,12.6868,
200,253,12.42000008,12174,222253,38.0121933,23.8153333,1440,37,8:36:08 PM,1,,9.49081,-0.469264,-0.318429,9.47386,250,38.0122479,23.8153225,37.3286,
190,254,12.42000008,12173,222253,38.0118733,23.8135916,1383,35,8:36:23 PM,1,,8.22794,-0.998382,-0.718261,8.1355,251,38.011881,23.8136263,36.1457,
185,256,12.42000008,12148,222254,38.0116216,23.8125783,770,0,8:36:38 PM,1,,9.47204,-0.299275,0.110133,9.46667,253,38.011638,23.812614,0,
185,256,12.42000008,12153,222254,38.011625,23.812575,800,0,8:36:53 PM,1,,9.69505,0.0215478,2.05901,9.47386,253,38.0116371,23.8126079,0,
183,253,12.42000008,12180,222254,38.0112933,23.811225,1856,49,8:37:08 PM,1,,8.79795,0.0167594,-0.670376,8.77236,250,38.0113351,23.8112385,48.8715,
187,243,12.42000008,12178,222254,38.010745,23.80925,1312,47,8:37:23 PM,1,,10.3759,-0.639252,1.74058,10.2089,240,38.0108553,23.8094151,47.0724,
190,237,12.42000008,12165,222254,38.0098033,23.8072616,1185,42,8:37:38 PM,1,,10.5156,-1.55144,-0.0383072,10.4004,234,38.0097706,23.8071789,41.937,
192,231,12.42000008,12137,222254,38.0090383,23.8057183,896,22,8:37:53 PM,1,,9.74251,0.0191536,-1.59933,9.61033,228,38.0090577,23.8057454,23.3535,
191,182,12.42000008,12147,222254,38.008775,23.8052966,897,12,8:38:03 PM,1,,10.3051,-0.011971,1.64482,10.173,179,38.009015,23.8056459,12.2998,
191,150,12.42000008,12150,222254,38.0087,23.8053316,1022,16,8:38:05 PM,1,,9.14428,-0.466869,0.672771,9.10754,147,38.0087303,23.8053609,16.8112,
191,154,12.42000008,12179,222254,38.0078366,23.8058766,1919,31,8:38:20 PM,1,,9.45456,0.519542,2.23379,9.17219,151,38.0078893,23.8059478,31.6368,
190,153,12.42000008,12175,222254,38.0068533,23.806485,1283,32,8:38:35 PM,1,,14.6213,-2.24097,1.43413,14.3772,150,38.0068769,23.8065757,32.9415,
187,153,12.42000008,12167,222255,38.0054916,23.8073783,1144,36,8:38:50 PM,1,,8.44746,-0.553061,-1.03669,8.36534,150,38.005492,23.8074178,35.9524,
190,203,12.42000008,12141,222255,38.0052566,23.8074933,800,13,8:38:54 PM,1,,9.43167,0.818817,-0.653617,9.3733,200,38.0052742,23.8075052,17.1078,
191,238,12.42000008,12146,222255,38.0052183,23.80743,1021,15,8:38:56 PM,1,,9.66081,-0.418985,1.81959,9.47864,235,38.005248,23.8074091,15.8171,
194,246,12.42000008,12176,222255,38.0049483,23.8065349,1663,29,8:39:11 PM,1,,9.52983,-0.509965,-2.53546,9.17219,243,38.0051087,23.8069474,28.7825,
196,243,12.42000008,12177,222255,38.0046866,23.8056866,1931,32,8:39:26 PM,1,,9.01452,-0.253785,0.677559,8.98544,240,38.0046716,23.8056854,30.5805,
195,245,12.42000008,12178,222255,38.004215,23.8043133,1280,33,8:39:41 PM,1,,9.70337,-0.847547,-0.131681,9.66539,242,38.0041894,23.8043168,33.6762,
190,229,12.42000008,12682,222255,38.0039133,23.803535,800,0,8:39:56 PM,1,,9.13473,-0.366313,0.316035,9.12191,226,38.0039369,23.8035456,0,
190,229,12.42000008,12921,222255,38.0039133,23.803535,1332,0,8:40:11 PM,1,,9.68478,-1.13246,1.8172,9.44513,226,38.0039384,23.8035467,0,
190,192,12.42000008,12919,222255,38.0038683,23.8035116,1689,7,8:40:15 PM,1,,9.4403,-1.14682,0.411803,9.36133,189,38.0039182,23.8035362,10.2757,
190,159,12.42000008,12918,222255,38.0038433,23.8035166,1276,7,8:40:16 PM,1,,9.09954,-0.45011,2.05183,8.85376,156,38.0038384,23.8035496,16.4484,
191,158,12.42000008,12240,222255,38.002395,23.8041849,1506,40,8:40:31 PM,1,,9.45812,-0.979228,-0.232238,9.40442,155,38.0025852,23.8041249,40.5159,
190,151,12.42000008,12182,222255,38.0009833,23.8051716,1471,36,8:40:46 PM,1,,9.85474,0.136469,0.742203,9.8258,148,38.0010186,23.8052104,36.876,
191,174,12.42000008,12177,222256,37.9996616,23.8059449,1152,31,8:41:01 PM,1,,7.45196,0.47884,0.0502782,7.43639,171,37.9998998,23.8059829,31.8977,
194,141,12.42000008,12171,222256,37.9985016,23.8063783,1210,32,8:41:16 PM,1,,9.87125,-0.711078,0.112527,9.84496,138,37.9985317,23.8064728,31.8215,
207,128,12.42000008,12169,222256,37.9978433,23.8073383,1480,25,8:41:31 PM,1,,10.8568,-0.691924,-1.47962,10.7332,125,37.9978835,23.8073507,25.2123,
214,157,12.42000008,12174,222256,37.9971916,23.8079183,1052,25,8:41:46 PM,1,,9.99581,-0.97444,0.442927,9.93833,154,37.9971949,23.8079426,26.1688,
219,187,12.42000008,12167,222256,37.9963716,23.8081533,928,24,8:41:58 PM,1,,6.46418,0.260968,1.11809,6.36139,184,37.9963859,23.8081978,24.8335,
229,202,12.42000008,12167,222256,37.9953883,23.8078216,865,20,8:42:13 PM,1,,10.0144,-0.584185,0.174777,9.99579,199,37.9954799,23.8078924,19.8591,
234,250,12.42000008,12529,222256,37.9951716,23.8076816,1560,8,8:42:20 PM,1,,9.44733,0.37589,0.991199,9.38766,247,37.9952442,23.8077219,8.85687,
237,292,12.42000008,12749,222256,37.9952216,23.807545,808,14,8:42:24 PM,1,,9.45572,-0.948104,0.153229,9.40682,289,37.9952586,23.8076532,15.8652,
240,286,11.96000004,12910,222256,37.9952466,23.8075233,1546,0,8:42:39 PM,1,,10.3816,-0.0526724,0.232238,10.3789,283,37.9953151,23.8074845,0,
245,351,11.96000004,12916,222256,37.9953083,23.8075066,800,0,8:57:46 PM,1,,9.95828,-0.584185,5.81073,8.06607,348,37.9953123,23.8075893,0,
238,289,11.96000004,12927,222256,37.9952533,23.8074133,768,0,8:58:01 PM,1,,9.62217,0.0383072,-0.366313,9.61511,286,37.9952876,23.8075363,0,
238,296,11.96000004,12885,222256,37.9952683,23.8073999,1164,7,8:58:16 PM,1,,9.76848,-0.304064,1.33118,9.67257,293,37.995287,23.8074828,5.17903,
229,291,11.96000004,12473,222256,37.99555,23.8066833,906,5,8:58:31 PM,1,,9.27079,0.059855,-0.371101,9.26317,288,37.9955427,23.8067732,4.94101,
227,14,11.96000004,12644,222256,37.9955833,23.8066916,1486,7,8:58:33 PM,1,,9.46707,0.596156,0.648829,9.42597,205,37.9955885,23.8067537,8.30696,
221,354,11.96000004,12218,222256,37.9965333,23.8070983,1248,31,8:58:48 PM,1,,8.9404,-0.591368,1.09176,8.85376,225,37.9963124,23.8070779,31.1729,
223,318,11.96000004,12162,222256,37.9971783,23.8066733,1057,28,8:58:57 PM,1,,8.5416,-1.36709,0.517148,8.41562,189,37.9971695,23.8066386,27.9369,
209,309,11.96000004,12143,222257,37.9979366,23.8054016,1210,32,8:59:12 PM,1,,9.83143,-0.373495,-0.92895,9.78031,180,37.9979203,23.8055308,33.3193,
203,307,11.96000004,12158,222257,37.9987466,23.8040966,1504,39,8:59:27 PM,1,,9.75239,-0.507571,0.802058,9.70609,178,37.9987668,23.804157,40.0687,
200,309,11.96000004,12168,222257,37.99971,23.8026816,1389,36,8:59:42 PM,1,,8.68128,-0.402226,-0.356736,8.66462,180,37.9997249,23.8027281,36.2933,
194,308,11.96000004,12846,222257,38.000315,23.8015933,1051,16,8:59:57 PM,1,,9.75539,-0.399832,0.0885855,9.74679,179,38.0003119,23.8016819,15.5857,
189,328,11.96000004,12942,222257,38.0007266,23.8008616,989,13,9:00:12 PM,1,,8.70145,-0.229843,0.0694318,8.69813,199,38.0007038,23.800997,13.5015,
195,270,11.96000004,12940,222257,38.001135,23.8005583,1094,16,9:00:23 PM,1,,9.63983,0.0885855,0.835576,9.60314,141,38.0011681,23.800578,17.665,
195,308,11.96000004,12933,222257,38.0011783,23.80034,1215,19,9:00:27 PM,1,,9.36081,-0.42138,1.41258,9.24401,179,38.0011913,23.8003542,18.9043,
189,325,11.96000004,12211,222257,38.0020499,23.7993583,1440,34,9:00:42 PM,1,,9.23497,-0.845153,-0.299275,9.19134,196,38.0018238,23.7996142,35.1302,
172,317,11.96000004,12143,222257,38.0030416,23.7980883,832,23,9:00:57 PM,1,,9.92977,-0.931344,-0.493206,9.87369,188,38.0030422,23.7981267,24.1824,
174,351,11.96000004,12452,222258,38.0035733,23.7975116,1060,17,9:01:12 PM,1,,9.96139,-0.277727,0.023942,9.95749,222,38.0035434,23.7975327,17.1606,
184,314,11.96000004,12790,222258,38.004145,23.7974183,1279,19,9:01:23 PM,1,,9.40843,-0.857124,0.122104,9.36851,185,38.0041279,23.7974159,18.8857,
186,284,11.96000004,12849,222258,38.00423,23.7971966,1189,19,9:01:27 PM,1,,9.90886,-0.70629,0.0885855,9.88326,155,38.004227,23.7971906,19.949,
188,274,11.96000004,12888,222258,38.0042649,23.79671,1001,15,9:01:42 PM,1,,9.53148,0.926556,0.0981623,9.48583,145,38.0042447,23.7967328,15.7608,
187,308,11.96000004,12904,222258,38.0043116,23.7966083,1492,20,9:01:44 PM,1,,9.90326,0.0407014,-3.41892,9.29429,179,38.0042706,23.7966166,19.9437,
182,318,11.96000004,12236,222258,38.0050183,23.7956783,832,16,9:01:59 PM,1,,7.91046,0.201113,-1.30005,7.80031,189,38.0050626,23.7956896,15.8134,
183,327,11.96000004,12876,222258,38.0050666,23.7956216,768,0,9:02:14 PM,1,,9.87544,-1.08457,-0.191536,9.81383,198,38.0051061,23.7956151,0,
183,327,11.96000004,12921,222258,38.0050666,23.7956216,800,0,9:02:29 PM,1,,9.98348,-1.35033,-0.409408,9.88326,198,38.0051061,23.7956151,0,
183,327,11.96000004,12914,222258,38.0050666,23.7956216,800,0,9:02:44 PM,1,,9.20414,-0.70629,-0.21069,9.17458,198,38.0051061,23.7956151,0,
183,327,11.96000004,12919,222258,38.0050666,23.7956216,771,0,9:02:59 PM,1,,9.56006,-1.04387,-0.311246,9.4978,198,38.0051061,23.7956151,0,
183,327,11.96000004,12938,222258,38.0050666,23.7956216,894,0,9:03:14 PM,1,,9.24345,-0.509965,1.41976,9.11951,198,38.0051253,23.795599,0,
187,284,11.96000004,12612,222258,38.0053016,23.7952916,1328,21,9:03:22 PM,1,,10.4891,-3.69425,-0.45011,9.80665,155,38.0053252,23.795277,21.7578,
187,251,11.96000004,12712,222258,38.005295,23.7951483,1382,22,9:03:24 PM,1,,9.69523,-2.15239,0.136469,9.45231,122,38.0053011,23.7951254,23.2746,
189,221,11.96000004,12841,222258,38.0051,23.7948799,800,9,9:03:30 PM,1,,9.64823,-0.553061,-1.45567,9.52174,92,38.0051348,23.7948532,9.00423,
181,225,11.96000004,12745,222258,38.0045333,23.7941316,2079,54,9:03:45 PM,1,,9.88839,-0.658405,1.70467,9.71806,96,38.0045574,23.7941426,54.7098,
185,227,11.96000004,12173,222258,38.0029483,23.7920366,1607,58,9:04:00 PM,1,,9.81491,-1.20668,-1.31681,9.65103,98,38.0029731,23.7919952,59.4556,
195,229,11.96000004,12120,222258,38.0025499,23.79141,778,0,9:04:15 PM,1,,9.29373,-0.536301,0.114922,9.27753,100,38.0026127,23.7914072,0,
195,229,11.96000004,12120,222258,38.0025499,23.79141,800,0,9:04:30 PM,1,,9.91688,-1.15161,0.0287304,9.84975,100,38.0026127,23.7914072,0,
195,241,11.96000004,12149,222258,38.0025133,23.79127,1539,17,9:04:45 PM,1,,9.25088,-0.895431,-0.931344,9.16022,112,38.0025783,23.7913462,18.6585,
188,247,11.96000004,12164,222259,38.0017133,23.7891233,1664,60,9:05:00 PM,1,,9.63086,-0.739808,0.732626,9.57441,118,38.0017145,23.7891183,60.8936,
179,234,11.96000004,12160,222259,38.0006683,23.7865399,1504,56,9:05:15 PM,1,,9.57118,-0.0909797,-0.500388,9.55765,105,38.0007372,23.7867096,56.4306,
176,227,11.96000004,12159,222259,37.9995233,23.7849066,1771,47,9:05:30 PM,1,,9.84931,-0.591368,-0.454898,9.82102,98,37.9995817,23.7849011,46.2192,
170,223,11.96000004,12165,222259,37.9981449,23.7831899,1504,54,9:05:45 PM,1,,9.63029,-0.679953,-0.117316,9.60554,94,37.9981759,23.7831771,54.5991,
171,208,11.96000004,12118,222259,37.9974466,23.7822399,800,0,9:06:00 PM,1,,9.32056,-0.596156,0.00718261,9.30147,79,37.9974594,23.7822587,0,
171,208,11.96000004,12129,222259,37.9974466,23.7822399,800,0,9:06:15 PM,1,,9.44887,-0.857124,-0.114922,9.40921,79,37.99746,23.7822593,0,
171,208,11.96000004,12131,222259,37.9974466,23.7822399,769,0,9:06:30 PM,1,,9.6338,-1.07739,-0.160412,9.57202,79,37.9974601,23.7822594,0,
170,227,11.96000004,12164,222259,37.9971849,23.7819216,2110,37,9:06:45 PM,1,,8.73337,-0.878672,-0.0933739,8.68856,98,37.9972108,23.7819013,36.8197,
163,232,11.96000004,12166,222260,37.9958816,23.779835,1804,66,9:07:00 PM,1,,9.03298,-0.483629,0.138864,9.01896,103,37.9958708,23.7798346,66.0202,
157,228,11.96000004,12162,222260,37.9941899,23.7773183,1551,74,9:07:15 PM,1,,9.85065,-1.19471,0.306458,9.77313,99,37.9942204,23.777312,73.962,
152,238,11.96000004,12146,222260,37.9922783,23.7742883,1539,76,9:07:30 PM,1,,10.1529,0.512359,-0.667982,10.1179,109,37.992234,23.7743012,77.0147,
142,239,11.96000004,12130,222260,37.9914099,23.7720966,831,20,9:07:45 PM,1,,9.75868,-0.447716,-1.35751,9.65342,110,37.9914589,23.7721929,21.1136,
137,230,11.96000004,12157,222261,37.9911033,23.7715383,1153,30,9:08:00 PM,1,,9.99718,-0.627281,0.129287,9.97664,101,37.9912022,23.771693,30.2727,
135,223,11.96000004,12154,222261,37.9902083,23.7702983,1568,41,9:08:15 PM,1,,9.74144,-0.672771,0.047884,9.71806,94,37.9902093,23.770329,41.3922,
132,236,11.96000004,12149,222261,37.98917,23.768705,1155,43,9:08:30 PM,1,,9.65833,-0.622492,-0.174777,9.63666,107,37.9898153,23.7698699,43.1977,
136,234,11.96000004,12152,222261,37.9882833,23.7671349,1344,34,9:08:45 PM,1,,9.71068,-1.00317,-0.237026,9.65582,105,37.9882495,23.7671801,35.1252,
140,218,11.96000004,12159,222261,37.987375,23.7659916,1248,32,9:09:00 PM,1,,10.3481,-0.797269,0.40462,10.3094,89,37.9873581,23.7659744,32.4943,
135,240,11.96000004,12201,222261,37.9865783,23.764745,832,26,9:09:15 PM,1,,9.87284,-0.572214,-0.562637,9.84017,111,37.9866191,23.7647228,27.5228,
132,243,11.96000004,12158,222261,37.98626,23.7640133,1583,25,9:09:30 PM,1,,9.89515,-0.751779,0.435745,9.85693,114,37.9863198,23.7640248,26.1107,
131,273,11.96000004,12150,222261,37.9861,23.7632083,1342,34,9:09:39 PM,1,,9.30101,0.253785,0.572214,9.27993,144,37.9861487,23.7630969,35.3978,
141,304,11.96000004,12134,222262,37.98634,23.7618733,800,0,9:09:54 PM,1,,9.53968,-0.723049,-0.0383072,9.51216,175,37.9864112,23.7618947,0,
142,304,11.96000004,12126,222262,37.9863466,23.761875,768,0,9:10:09 PM,1,,9.73653,-0.773327,0.294487,9.70131,175,37.9864137,23.7619163,0,
142,304,11.96000004,12129,222262,37.9863466,23.761875,800,0,9:10:24 PM,1,,9.80055,-0.871489,0.323217,9.75637,175,37.9863868,23.761886,0,
145,290,11.96000004,12157,222262,37.9865183,23.7614816,1211,22,9:10:39 PM,1,,9.4252,0.0957681,-0.146046,9.42358,161,37.98652,23.7614737,21.6625,
145,281,11.96000004,12162,222262,37.9868016,23.75998,1571,42,9:10:54 PM,1,,9.54574,-0.799663,0.0191536,9.51216,152,37.9868261,23.7600052,42.4033,
145,283,11.96000004,12151,222262,37.9872,23.75805,1924,30,9:11:09 PM,1,,10.2123,-0.993594,1.9417,9.97664,154,37.9872211,23.7580106,30.312,
141,281,11.96000004,12161,222262,37.987355,23.7570683,1217,20,9:11:24 PM,1,,9.65414,-0.866701,0.0287304,9.61511,152,37.9873923,23.7570681,20.057,
140,283,11.96000004,12144,222262,37.9874633,23.7563916,800,0,9:11:39 PM,1,,9.37118,-0.445322,0.275333,9.35654,154,37.9875171,23.756402,0,
140,283,11.96000004,12139,222262,37.9874633,23.7563933,800,0,9:11:54 PM,1,,9.96367,-0.979228,0.143652,9.91439,154,37.9875155,23.7564068,0,
140,283,11.96000004,12140,222262,37.9874633,23.7563933,800,0,9:12:09 PM,1,,9.42308,-0.361524,0.292093,9.41161,154,37.9875155,23.7564068,0,
141,280,11.96000004,12168,222262,37.98755,23.7558416,1945,32,9:12:24 PM,1,,9.66059,-0.708684,0.715866,9.60793,151,37.9876053,23.7558442,31.855,
141,283,11.96000004,12171,222262,37.9879199,23.75395,1760,45,9:12:39 PM,1,,10.3075,-0.826,-0.512359,10.2615,154,37.9879322,23.7539506,45.7547,
138,283,11.96000004,12153,222262,37.9882299,23.7522516,1471,38,9:12:54 PM,1,,10.3646,-1.01754,0.0742203,10.3142,154,37.9882231,23.7522489,38.0837,
132,282,11.96000004,12161,222263,37.9885633,23.7505216,1344,35,9:13:09 PM,1,,8.96088,-0.342371,0.0215478,8.95431,153,37.9885486,23.7505213,34.9572,
130,284,11.96000004,12141,222263,37.988835,23.7490716,800,15,9:13:24 PM,1,,9.99282,-0.962469,-1.51314,9.83059,155,37.9888294,23.7491034,14.8601,
130,281,11.96000004,12133,222263,37.9888516,23.7490016,800,0,9:13:39 PM,1,,9.55251,-0.565032,-0.198719,9.53371,152,37.9888325,23.7490429,0,
130,281,11.96000004,12136,222263,37.9888516,23.7490016,800,0,9:13:54 PM,1,,9.41806,-0.749385,-0.316035,9.38288,152,37.9888325,23.7490433,0,
128,286,11.96000004,12165,222263,37.9889183,23.7485816,1853,30,9:14:09 PM,1,,9.607,-0.517148,1.04387,9.53611,157,37.9889584,23.74858,29.6465,
120,283,11.96000004,12152,222263,37.9893316,23.7463749,1376,50,9:14:24 PM,1,,10.1961,-0.916979,-0.711078,10.1299,154,37.9893302,23.7466049,50.5079,
108,282,11.96000004,12143,222263,37.9896816,23.7443216,1504,38,9:14:39 PM,1,,9.49856,-0.323217,-0.215478,9.49062,153,37.9897015,23.7444906,38.3829,
102,281,11.96000004,12167,222263,37.9900016,23.7425866,1398,45,9:14:54 PM,1,,10.0059,-1.03669,0.474052,9.94073,152,37.9900449,23.742625,45.3542,
93,281,11.96000004,12171,222264,37.9903766,23.7401699,1440,52,9:15:09 PM,1,,9.83758,-0.852336,0.148441,9.79947,152,37.9904237,23.7402343,52.3258,
91,281,11.96000004,12139,222264,37.990725,23.7380666,1029,40,9:15:24 PM,1,,10.1069,-0.957681,-1.06063,10.0054,152,37.9907595,23.7381079,40.9506,
83,279,11.96000004,12138,222264,37.9909416,23.7365249,878,28,9:15:39 PM,1,,9.18217,-0.385466,0.545878,9.15782,150,37.9908255,23.7375967,29.5986,
77,283,11.96000004,12156,222264,37.9910233,23.73609,1022,0,9:15:54 PM,1,,9.62673,-0.603339,0.299275,9.60314,146,37.9910399,23.7361216,0,
78,260,11.96000004,12146,222264,37.9910416,23.7359216,800,0,9:16:09 PM,1,,9.44853,-0.538695,-0.0143652,9.43316,123,37.9910736,23.7359393,0,
78,260,11.96000004,12153,222264,37.9910416,23.7359216,1011,0,9:16:24 PM,1,,9.8553,-0.677559,1.66876,9.68933,123,37.9910736,23.7359394,0,
78,282,11.96000004,12143,222264,37.9911266,23.7353316,772,3,9:16:39 PM,1,,9.507,-0.488417,-0.1652,9.49301,145,37.991154,23.7353662,3.50223,
78,282,11.96000004,12154,222264,37.991135,23.7353166,798,0,9:16:54 PM,1,,9.7301,-0.878672,-0.586579,9.67257,145,37.9911555,23.7353667,0,
77,279,11.96000004,12151,222264,37.9911783,23.7350416,800,16,9:17:09 PM,1,,9.39849,-0.617704,-0.215478,9.37569,142,37.9911958,23.7350686,15.9743,
79,280,11.96000004,12139,222264,37.9912583,23.73446,800,0,9:17:24 PM,1,,9.49769,-0.390255,-0.457293,9.47864,143,37.99129,23.7344434,0,
79,280,11.96000004,12146,222264,37.99126,23.7344516,800,0,9:17:39 PM,1,,9.4715,-0.418985,-0.227449,9.45949,143,37.9912928,23.7344412,0,
79,280,11.96000004,12151,222264,37.99126,23.7344516,792,0,9:17:54 PM,1,,9.57664,-0.76375,-0.0933739,9.54568,143,37.9912928,23.7344413,0,
79,280,11.96000004,12138,222264,37.99126,23.7344516,800,0,9:18:09 PM,1,,9.67219,-0.818817,-0.124498,9.63666,143,37.9912928,23.7344413,0,
77,284,11.96000004,12163,222264,37.9913433,23.7339366,1513,28,9:18:24 PM,1,,9.39282,-0.354342,-2.25055,9.11233,147,37.9913534,23.7340149,27.1247,
76,318,11.96000004,12142,222264,37.9913899,23.7336833,800,0,9:18:39 PM,1,,10.0907,-1.15161,-0.0646434,10.0245,181,37.9913977,23.7337594,0,
76,318,11.96000004,12155,222264,37.9913899,23.7336833,1088,0,9:18:54 PM,1,,9.59678,-0.42138,1.67355,9.44034,181,37.9914105,23.7337103,0,
76,282,11.96000004,12159,222264,37.9913916,23.7336199,1593,8,9:18:55 PM,1,,9.46378,-0.593762,-0.0143652,9.44513,145,37.9914131,23.7336769,9.41227,
73,280,11.96000004,12155,222264,37.9914866,23.7329933,800,14,9:19:10 PM,1,,9.95247,-0.646434,-1.27132,9.84975,143,37.9915222,23.7330248,14.1149,
71,281,11.96000004,12148,222264,37.9915183,23.7328833,800,0,9:19:25 PM,1,,9.48517,-0.179565,0.0263362,9.48343,144,37.9915269,23.7329174,0,
71,281,11.96000004,12149,222264,37.9915183,23.7328833,800,0,9:19:40 PM,1,,10.0398,-0.770933,0.011971,10.0102,144,37.9915269,23.7329174,0,
71,281,11.96000004,12134,222264,37.9915183,23.7328833,770,0,9:19:55 PM,1,,9.66696,-0.656011,-0.126893,9.64384,144,37.9915269,23.7329174,0,
71,281,11.96000004,12159,222264,37.9915183,23.7328833,993,0,9:20:10 PM,1,,9.69393,-0.895431,0.792481,9.6199,144,37.9915463,23.7328621,0,
71,294,11.96000004,12151,222264,37.9916399,23.7322333,800,4,9:20:25 PM,1,,9.77348,-0.402226,-0.354342,9.75877,157,37.9916603,23.7322724,4.50694,
71,294,11.96000004,12159,222264,37.991645,23.7322216,1317,0,9:20:40 PM,1,,9.79914,-0.620098,0.933739,9.73482,157,37.9916652,23.7322207,0,
75,294,11.96000004,12640,222264,37.991755,23.7317366,800,0,9:20:55 PM,1,,9.80331,-0.464475,-0.0167594,9.79228,157,37.9917628,23.7317557,0,
75,294,11.96000004,12917,222264,37.991755,23.7317366,800,0,9:21:10 PM,1,,10.0491,-0.663194,-0.071826,10.0269,157,37.9917597,23.7317418,0,
75,294,11.96000004,12934,222264,37.991755,23.7317366,800,0,9:21:25 PM,1,,9.71618,-0.237026,-0.0143652,9.71328,157,37.9917597,23.7317418,0,
75,294,11.96000004,12932,222264,37.991755,23.7317366,800,0,9:21:40 PM,1,,9.98003,-0.548272,-0.0766145,9.96467,157,37.9917597,23.7317418,0,
75,294,11.96000004,12932,222264,37.991755,23.7317366,800,0,9:21:55 PM,1,,9.24127,-0.102951,-0.1652,9.23922,157,37.9917597,23.7317418,0,
75,257,11.96000004,12938,222264,37.9917849,23.7314133,1011,15,9:22:06 PM,1,,10.7041,-2.52828,0.258574,10.398,120,37.9917825,23.7314215,15.3746,
75,226,11.96000004,12936,222264,37.99172,23.7312633,1168,16,9:22:09 PM,1,,9.41061,-2.14281,0.672771,9.13867,89,37.9917658,23.7313695,16.5582,
75,196,11.96000004,12917,222264,37.991595,23.73119,929,16,9:22:12 PM,1,,9.65388,-1.58736,-0.61531,9.50259,59,37.9915625,23.7311851,17.5826,
75,231,11.96000004,12893,222264,37.9913883,23.73104,832,15,9:22:20 PM,1,,9.87558,1.03669,-0.00718261,9.82102,94,37.9913488,23.7310962,12.9956,
73,268,11.96000004,12907,222264,37.9913483,23.7308633,1125,16,9:22:24 PM,1,,10.5818,-0.818817,0.275333,10.5465,131,37.9913262,23.7309041,16.0189,
64,252,11.96000004,12930,222264,37.99144,23.7303216,800,0,9:22:39 PM,1,,9.67775,-0.00718261,0.0861913,9.67736,115,37.9914539,23.7303139,0,
66,294,11.96000004,12939,222264,37.9914799,23.730285,1375,10,9:22:47 PM,1,,9.53813,-0.270545,0.715866,9.50737,157,37.991465,23.7302661,10.8588,
71,280,11.96000004,12231,222265,37.9916399,23.7293599,1338,22,9:23:02 PM,1,,9.61799,-0.483629,-0.0742203,9.60554,143,37.9916243,23.7294021,22.5577,
73,310,11.96000004,12150,222265,37.99182,23.7288483,800,8,9:23:11 PM,1,,9.32974,-0.0790087,-0.861913,9.2895,173,37.9916704,23.7289783,8.07631,
75,310,11.96000004,12144,222265,37.9918233,23.7288383,800,0,9:23:26 PM,1,,9.25901,-0.00957681,-0.107739,9.25838,173,37.9916582,23.7288989,0,
78,280,11.96000004,12146,222265,37.9918333,23.7287066,1039,13,9:23:34 PM,1,,9.54724,-0.677559,0.548272,9.50737,143,37.9916886,23.7287591,13.575,
77,290,11.96000004,12151,222265,37.9919499,23.7276966,800,7,9:23:49 PM,1,,9.65789,-0.320823,0.275333,9.64863,153,37.9919305,23.727747,7.69238,
72,274,11.96000004,12167,222265,37.9920233,23.7268516,1119,17,9:24:04 PM,1,,8.6081,0.78051,0.895431,8.52575,137,37.9920429,23.7269369,17.1054,
74,268,11.96000004,12153,222265,37.9920716,23.72525,896,22,9:24:19 PM,1,,9.17311,-0.770933,0.409408,9.13148,131,37.9921358,23.7252978,22.4771,
76,280,11.5,12156,222265,37.992115,23.7242366,963,17,9:24:34 PM,1,,9.50644,-0.694318,0.0143652,9.48104,143,37.9922001,23.7241763,18.7135,
64,273,11.5,12263,222265,37.9921833,23.7230516,872,21,9:24:49 PM,1,,9.8372,-0.332794,0.138864,9.83059,136,37.9922199,23.723919,21.278,
52,274,11.5,12267,222265,37.9922883,23.7215433,1293,37,9:25:04 PM,1,,9.69322,-0.277727,1.32399,9.59835,137,37.9921988,23.7222278,36.5824,
48,235,11.5,12685,222265,37.9921983,23.721125,1176,24,9:25:09 PM,1,,10.338,-3.18189,0.902614,9.79468,98,37.992177,23.7212086,24.7571,
49,202,11.5,12778,222265,37.9920183,23.7210633,1407,31,9:25:11 PM,1,,9.64611,0.42138,0.572214,9.6199,65,37.9919557,23.7211184,34.9606,
46,190,11.5,12232,222266,37.9901883,23.7202233,1195,44,9:25:26 PM,1,,9.23294,-1.31202,0.102951,9.13867,53,37.9901853,23.7202347,44.8944,
47,190,11.5,12158,222266,37.9887633,23.7199383,1105,31,9:25:41 PM,1,,9.63974,-0.40462,-0.634463,9.61033,53,37.988745,23.7199723,30.1455,
51,193,11.5,12164,222266,37.9883499,23.7198199,800,10,9:25:56 PM,1,,9.79962,-0.682347,-0.229843,9.77313,56,37.9883003,23.7198513,10.549,
53,184,11.5,12833,222266,37.9882666,23.7197816,800,0,9:26:11 PM,1,,9.50035,-0.373495,0.213084,9.49062,47,37.9882013,23.7198296,0,
55,168,11.5,12919,222266,37.9880033,23.7198183,800,11,9:26:26 PM,1,,9.81989,-1.53947,-1.56102,9.57202,31,37.988157,23.7198321,11.9016,
54,205,11.5,12915,222266,37.9878533,23.7198266,955,15,9:26:30 PM,1,,9.87094,1.61369,0.134075,9.73722,68,37.9877709,23.7198801,15.1296,
53,243,11.5,12907,222266,37.98776,23.7197133,1499,18,9:26:33 PM,1,,9.06754,0.737414,0.344765,9.03093,106,37.9877151,23.7198013,20.4425,
43,221,11.5,12958,222266,37.987455,23.7186533,1663,28,9:26:48 PM,1,,9.79035,-0.897826,-0.646434,9.72764,84,37.9874791,23.7186477,28.1839,
38,245,11.5,12952,222266,37.9869833,23.7175983,1632,26,9:27:03 PM,1,,8.37038,-1.95846,0.203507,8.1355,108,37.9870257,23.7177063,26.312,
36,225,11.5,12219,222266,37.98634,23.7167616,1643,27,9:27:18 PM,1,,8.91013,-0.380678,0.0790087,8.90164,88,37.9863274,23.7167961,26.7471,
38,223,11.5,12181,222266,37.9853583,23.71569,1440,36,9:27:33 PM,1,,9.84985,-1.15879,-0.591368,9.76355,86,37.9857869,23.7161758,36.2521,
42,225,11.5,12245,222266,37.9848716,23.7150183,1333,17,9:27:48 PM,1,,10.0106,-1.09176,1.82199,9.78271,88,37.9848628,23.7150402,17.6364,
44,262,11.5,12557,222266,37.984415,23.7143483,1789,26,9:27:58 PM,1,,10.3027,-0.986411,1.15879,10.1897,125,37.9844182,23.7143537,27.6998,
35,284,11.5,12305,222267,37.9848983,23.7122866,1951,49,9:28:13 PM,1,,8.96163,0.0215478,1.22344,8.8777,147,37.9848722,23.7123285,49.1199,
30,304,11.5,12177,222267,37.9859233,23.709755,1584,59,9:28:28 PM,1,,10.4126,-0.512359,1.60172,10.2759,167,37.9853169,23.7109551,59.8378,
23,314,11.5,12146,222267,37.986985,23.7081483,1092,30,9:28:43 PM,1,,9.01927,-0.328006,0.265756,9.00938,177,37.9868482,23.7083239,30.0975,
17,312,11.5,12168,222267,37.98772,23.7071699,1337,33,9:28:58 PM,1,,9.60766,-0.88346,0.976834,9.51695,175,37.9876571,23.7072073,33.7642,
20,309,11.5,12173,222267,37.98891,23.7054516,1248,45,9:29:13 PM,1,,9.39403,-0.380678,1.10852,9.32063,172,37.9888575,23.7054952,45.9723,
17,311,11.5,12176,222268,37.9901766,23.70346,1600,58,9:29:28 PM,1,,9.96441,-0.811634,0.225055,9.92875,174,37.9901514,23.7035451,58.6075,
22,310,11.5,12176,222268,37.991675,23.701285,1728,62,9:29:43 PM,1,,9.81171,-0.469264,0.141258,9.79947,173,37.9913232,23.7017885,62.3509,
21,310,11.5,12173,222268,37.9930916,23.699145,1408,51,9:29:58 PM,1,,10.6714,-1.33836,0.871489,10.5512,173,37.9930589,23.6992169,51.6228,
26,308,11.5,12177,222268,37.9945766,23.6968933,2131,75,9:30:13 PM,1,,10.1712,0.837971,1.22104,10.0628,171,37.9944202,23.6971535,75.9552,
28,310,11.5,12167,222269,37.9965983,23.693905,1634,83,9:30:28 PM,1,,9.88684,-0.411803,0.919373,9.83538,173,37.9960109,23.6947719,83.196,
24,311,11.5,12157,222269,37.9985283,23.6910466,1473,75,9:30:43 PM,1,,9.22536,-0.802058,0.1652,9.18895,174,37.9982419,23.6914659,75.4565,
18,303,11.5,12149,222269,38.0002583,23.6882466,1473,73,9:30:58 PM,1,,9.55202,-0.90022,-0.201113,9.50737,166,38.000109,23.6884508,73.7704,
31,300,11.5,12133,222270,38.0012233,23.6862066,1089,29,9:31:13 PM,1,,9.58489,-0.924162,-0.464475,9.52892,163,38.0012039,23.6862513,29.1637,
